
USE ciecapstone2023db;

INSERT INTO Announcer (AnnouncerID, AnnouncerName, AnnouncerPos, SessionOfAnnounce, ReceivingOrder) VALUES (1, 'Tina Martin', 'Telecommunications researcher', '1979-01-05', 5);
INSERT INTO Announcer (AnnouncerID, AnnouncerName, AnnouncerPos, SessionOfAnnounce, ReceivingOrder) VALUES (2, 'Peter Lewis', 'Nurse, learning disability', '1977-09-10', 5);
INSERT INTO Announcer (AnnouncerID, AnnouncerName, AnnouncerPos, SessionOfAnnounce, ReceivingOrder) VALUES (3, 'Calvin Green', 'Engineer, building services', '2004-02-07', 2);
INSERT INTO Announcer (AnnouncerID, AnnouncerName, AnnouncerPos, SessionOfAnnounce, ReceivingOrder) VALUES (4, 'Meghan Clay', 'Advertising copywriter', '2019-04-08', 4);
INSERT INTO Announcer (AnnouncerID, AnnouncerName, AnnouncerPos, SessionOfAnnounce, ReceivingOrder) VALUES (5, 'Lauren Landry', 'Environmental consultant', '2021-03-08', 7);
INSERT INTO Announcer (AnnouncerID, AnnouncerName, AnnouncerPos, SessionOfAnnounce, ReceivingOrder) VALUES (6, 'Cody Larsen', 'Teacher, adult education', '1999-07-12', 9);
INSERT INTO Announcer (AnnouncerID, AnnouncerName, AnnouncerPos, SessionOfAnnounce, ReceivingOrder) VALUES (7, 'Michael Rivas', 'Contractor', '2000-05-14', 2);
INSERT INTO Announcer (AnnouncerID, AnnouncerName, AnnouncerPos, SessionOfAnnounce, ReceivingOrder) VALUES (8, 'Gerald Mcknight', 'Restaurant manager', '1976-03-12', 4);
INSERT INTO Announcer (AnnouncerID, AnnouncerName, AnnouncerPos, SessionOfAnnounce, ReceivingOrder) VALUES (9, 'Robert Knight', 'Manufacturing engineer', '1979-04-01', 7);
INSERT INTO Announcer (AnnouncerID, AnnouncerName, AnnouncerPos, SessionOfAnnounce, ReceivingOrder) VALUES (10, 'Samuel Rivera', 'Surveyor, minerals', '2018-05-27', 7);
INSERT INTO Announcer (AnnouncerID, AnnouncerName, AnnouncerPos, SessionOfAnnounce, ReceivingOrder) VALUES (11, 'Theresa Weiss', 'Teacher, music', '1974-08-16', 3);
INSERT INTO Announcer (AnnouncerID, AnnouncerName, AnnouncerPos, SessionOfAnnounce, ReceivingOrder) VALUES (12, 'Donna Anthony', 'Manufacturing engineer', '2024-01-16', 4);
INSERT INTO Announcer (AnnouncerID, AnnouncerName, AnnouncerPos, SessionOfAnnounce, ReceivingOrder) VALUES (13, 'Elizabeth Garcia', 'Homeopath', '2014-08-07', 9);
INSERT INTO Announcer (AnnouncerID, AnnouncerName, AnnouncerPos, SessionOfAnnounce, ReceivingOrder) VALUES (14, 'Eric Elliott', 'Research scientist (life sciences)', '2000-10-21', 3);
INSERT INTO Announcer (AnnouncerID, AnnouncerName, AnnouncerPos, SessionOfAnnounce, ReceivingOrder) VALUES (15, 'Michael Buck', 'Ecologist', '1971-02-06', 6);
INSERT INTO Announcer (AnnouncerID, AnnouncerName, AnnouncerPos, SessionOfAnnounce, ReceivingOrder) VALUES (16, 'Angela Smith', 'Comptroller', '1989-08-04', 6);
INSERT INTO Announcer (AnnouncerID, AnnouncerName, AnnouncerPos, SessionOfAnnounce, ReceivingOrder) VALUES (17, 'Mark Padilla', 'Child psychotherapist', '2023-05-22', 1);
INSERT INTO Announcer (AnnouncerID, AnnouncerName, AnnouncerPos, SessionOfAnnounce, ReceivingOrder) VALUES (18, 'Emily Cunningham', 'Hydrogeologist', '1978-03-03', 5);
INSERT INTO Announcer (AnnouncerID, AnnouncerName, AnnouncerPos, SessionOfAnnounce, ReceivingOrder) VALUES (19, 'Lauren Lamb', 'Therapist, nutritional', '1989-05-06', 2);
INSERT INTO Announcer (AnnouncerID, AnnouncerName, AnnouncerPos, SessionOfAnnounce, ReceivingOrder) VALUES (20, 'Ashlee Acosta', 'Engineer, civil (contracting)', '1992-11-02', 5);
INSERT INTO Announcer (AnnouncerID, AnnouncerName, AnnouncerPos, SessionOfAnnounce, ReceivingOrder) VALUES (21, 'Daniel Sexton', 'Archaeologist', '2019-02-16', 7);
INSERT INTO Announcer (AnnouncerID, AnnouncerName, AnnouncerPos, SessionOfAnnounce, ReceivingOrder) VALUES (22, 'Alan Thomas', 'Minerals surveyor', '1996-02-04', 1);
INSERT INTO Announcer (AnnouncerID, AnnouncerName, AnnouncerPos, SessionOfAnnounce, ReceivingOrder) VALUES (23, 'Sara Compton', 'Health promotion specialist', '1993-11-26', 8);
INSERT INTO Announcer (AnnouncerID, AnnouncerName, AnnouncerPos, SessionOfAnnounce, ReceivingOrder) VALUES (24, 'William Perez', 'Drilling engineer', '1988-12-13', 8);
INSERT INTO Announcer (AnnouncerID, AnnouncerName, AnnouncerPos, SessionOfAnnounce, ReceivingOrder) VALUES (25, 'Melissa French', 'Pharmacist, community', '1974-09-15', 6);
INSERT INTO Announcer (AnnouncerID, AnnouncerName, AnnouncerPos, SessionOfAnnounce, ReceivingOrder) VALUES (26, 'Taylor Krause', 'Chief of Staff', '2021-07-25', 3);
INSERT INTO Announcer (AnnouncerID, AnnouncerName, AnnouncerPos, SessionOfAnnounce, ReceivingOrder) VALUES (27, 'Colleen Hale', 'Librarian, academic', '2014-08-23', 9);
INSERT INTO Announcer (AnnouncerID, AnnouncerName, AnnouncerPos, SessionOfAnnounce, ReceivingOrder) VALUES (28, 'David Rice', 'Land/geomatics surveyor', '1989-03-16', 9);
INSERT INTO Announcer (AnnouncerID, AnnouncerName, AnnouncerPos, SessionOfAnnounce, ReceivingOrder) VALUES (29, 'Crystal Dean', 'Geoscientist', '1988-08-25', 3);
INSERT INTO Announcer (AnnouncerID, AnnouncerName, AnnouncerPos, SessionOfAnnounce, ReceivingOrder) VALUES (30, 'Anthony Barrett', 'Surveyor, mining', '2022-12-22', 4);
INSERT INTO Announcer (AnnouncerID, AnnouncerName, AnnouncerPos, SessionOfAnnounce, ReceivingOrder) VALUES (31, 'Theresa Robinson', 'Actuary', '1998-01-15', 9);
INSERT INTO Announcer (AnnouncerID, AnnouncerName, AnnouncerPos, SessionOfAnnounce, ReceivingOrder) VALUES (32, 'Danielle Evans', 'Architectural technologist', '1994-12-11', 2);
INSERT INTO Announcer (AnnouncerID, AnnouncerName, AnnouncerPos, SessionOfAnnounce, ReceivingOrder) VALUES (33, 'Hannah Arroyo', 'Quality manager', '1975-02-08', 9);
INSERT INTO Announcer (AnnouncerID, AnnouncerName, AnnouncerPos, SessionOfAnnounce, ReceivingOrder) VALUES (34, 'Kristopher Lloyd', 'Ergonomist', '2009-02-24', 4);
INSERT INTO Announcer (AnnouncerID, AnnouncerName, AnnouncerPos, SessionOfAnnounce, ReceivingOrder) VALUES (35, 'Levi Brown', 'Surveyor, planning and development', '1970-10-27', 7);
INSERT INTO Announcer (AnnouncerID, AnnouncerName, AnnouncerPos, SessionOfAnnounce, ReceivingOrder) VALUES (36, 'Savannah Kim', 'Ecologist', '1991-12-04', 3);
INSERT INTO Announcer (AnnouncerID, AnnouncerName, AnnouncerPos, SessionOfAnnounce, ReceivingOrder) VALUES (37, 'Megan Brown', 'Psychotherapist', '2009-02-08', 5);
INSERT INTO Announcer (AnnouncerID, AnnouncerName, AnnouncerPos, SessionOfAnnounce, ReceivingOrder) VALUES (38, 'Travis Welch', 'Acupuncturist', '1981-11-22', 6);
INSERT INTO Announcer (AnnouncerID, AnnouncerName, AnnouncerPos, SessionOfAnnounce, ReceivingOrder) VALUES (39, 'Jonathan Alvarado', 'Designer, interior/spatial', '1986-10-29', 5);
INSERT INTO Announcer (AnnouncerID, AnnouncerName, AnnouncerPos, SessionOfAnnounce, ReceivingOrder) VALUES (40, 'Kathleen Rodriguez', 'Civil Service fast streamer', '2022-07-25', 1);
INSERT INTO Announcer (AnnouncerID, AnnouncerName, AnnouncerPos, SessionOfAnnounce, ReceivingOrder) VALUES (41, 'Julie Roberts', 'Editor, commissioning', '1997-12-09', 3);
INSERT INTO Announcer (AnnouncerID, AnnouncerName, AnnouncerPos, SessionOfAnnounce, ReceivingOrder) VALUES (42, 'Ellen Mann', 'Social research officer, government', '1996-06-28', 6);
INSERT INTO Announcer (AnnouncerID, AnnouncerName, AnnouncerPos, SessionOfAnnounce, ReceivingOrder) VALUES (43, 'Jonathan Randolph', 'Engineer, agricultural', '2023-01-10', 7);
INSERT INTO Announcer (AnnouncerID, AnnouncerName, AnnouncerPos, SessionOfAnnounce, ReceivingOrder) VALUES (44, 'Miguel Townsend', 'Analytical chemist', '1997-07-13', 5);
INSERT INTO Announcer (AnnouncerID, AnnouncerName, AnnouncerPos, SessionOfAnnounce, ReceivingOrder) VALUES (45, 'Carolyn Davis', 'Ambulance person', '2000-06-20', 2);
INSERT INTO Announcer (AnnouncerID, AnnouncerName, AnnouncerPos, SessionOfAnnounce, ReceivingOrder) VALUES (46, 'Michael Wilkerson', 'Publishing copy', '2003-06-03', 6);
INSERT INTO Announcer (AnnouncerID, AnnouncerName, AnnouncerPos, SessionOfAnnounce, ReceivingOrder) VALUES (47, 'Jennifer Peterson', 'Industrial/product designer', '2015-03-31', 2);
INSERT INTO Announcer (AnnouncerID, AnnouncerName, AnnouncerPos, SessionOfAnnounce, ReceivingOrder) VALUES (48, 'Julia Fisher', 'Plant breeder/geneticist', '2021-07-17', 6);
INSERT INTO Announcer (AnnouncerID, AnnouncerName, AnnouncerPos, SessionOfAnnounce, ReceivingOrder) VALUES (49, 'Miranda Stewart', 'Social worker', '1987-04-15', 7);
INSERT INTO Announcer (AnnouncerID, AnnouncerName, AnnouncerPos, SessionOfAnnounce, ReceivingOrder) VALUES (50, 'Scott White', 'Adult nurse', '2003-03-24', 7);
INSERT INTO Announcer (AnnouncerID, AnnouncerName, AnnouncerPos, SessionOfAnnounce, ReceivingOrder) VALUES (51, 'Erin Martinez', 'Fish farm manager', '1972-03-09', 5);
INSERT INTO Announcer (AnnouncerID, AnnouncerName, AnnouncerPos, SessionOfAnnounce, ReceivingOrder) VALUES (52, 'Ian Gibson', 'Careers information officer', '2005-09-16', 4);
INSERT INTO Announcer (AnnouncerID, AnnouncerName, AnnouncerPos, SessionOfAnnounce, ReceivingOrder) VALUES (53, 'Joseph Cook', 'Geologist, wellsite', '1996-05-06', 4);
INSERT INTO Announcer (AnnouncerID, AnnouncerName, AnnouncerPos, SessionOfAnnounce, ReceivingOrder) VALUES (54, 'Carol Strickland', 'Psychiatric nurse', '1975-01-11', 7);
INSERT INTO Announcer (AnnouncerID, AnnouncerName, AnnouncerPos, SessionOfAnnounce, ReceivingOrder) VALUES (55, 'Amy Meyers', 'Phytotherapist', '2000-10-20', 6);
INSERT INTO Announcer (AnnouncerID, AnnouncerName, AnnouncerPos, SessionOfAnnounce, ReceivingOrder) VALUES (56, 'Joseph Wilson', 'Commercial horticulturist', '1970-10-03', 7);
INSERT INTO Announcer (AnnouncerID, AnnouncerName, AnnouncerPos, SessionOfAnnounce, ReceivingOrder) VALUES (57, 'Thomas Watkins', 'Comptroller', '2015-03-23', 1);
INSERT INTO Announcer (AnnouncerID, AnnouncerName, AnnouncerPos, SessionOfAnnounce, ReceivingOrder) VALUES (58, 'David Cox', 'Podiatrist', '2003-01-19', 4);
INSERT INTO Announcer (AnnouncerID, AnnouncerName, AnnouncerPos, SessionOfAnnounce, ReceivingOrder) VALUES (59, 'Nancy Rivers', 'Investment banker, operational', '2009-09-05', 1);
INSERT INTO Announcer (AnnouncerID, AnnouncerName, AnnouncerPos, SessionOfAnnounce, ReceivingOrder) VALUES (60, 'Amy Young', 'Runner, broadcasting/film/video', '2009-03-22', 9);
INSERT INTO Announcer (AnnouncerID, AnnouncerName, AnnouncerPos, SessionOfAnnounce, ReceivingOrder) VALUES (61, 'Keith Young', 'Editor, commissioning', '1988-01-29', 7);
INSERT INTO Announcer (AnnouncerID, AnnouncerName, AnnouncerPos, SessionOfAnnounce, ReceivingOrder) VALUES (62, 'Mr. Robert Garcia', 'Engineering geologist', '2022-02-18', 5);
INSERT INTO Announcer (AnnouncerID, AnnouncerName, AnnouncerPos, SessionOfAnnounce, ReceivingOrder) VALUES (63, 'Brian Thomas', 'Colour technologist', '1976-09-09', 8);
INSERT INTO Announcer (AnnouncerID, AnnouncerName, AnnouncerPos, SessionOfAnnounce, ReceivingOrder) VALUES (64, 'Michael Mack', 'Administrator, charities/voluntary organisations', '2023-08-25', 1);
INSERT INTO Announcer (AnnouncerID, AnnouncerName, AnnouncerPos, SessionOfAnnounce, ReceivingOrder) VALUES (65, 'James Lewis', 'Exhibitions officer, museum/gallery', '2020-05-15', 6);
INSERT INTO Announcer (AnnouncerID, AnnouncerName, AnnouncerPos, SessionOfAnnounce, ReceivingOrder) VALUES (66, 'Michelle Davis', 'Health and safety adviser', '2023-12-08', 9);
INSERT INTO Announcer (AnnouncerID, AnnouncerName, AnnouncerPos, SessionOfAnnounce, ReceivingOrder) VALUES (67, 'Kelly Brewer', 'Oncologist', '2002-09-02', 9);
INSERT INTO Announcer (AnnouncerID, AnnouncerName, AnnouncerPos, SessionOfAnnounce, ReceivingOrder) VALUES (68, 'Matthew Adams', 'Retail banker', '2019-06-25', 9);
INSERT INTO Announcer (AnnouncerID, AnnouncerName, AnnouncerPos, SessionOfAnnounce, ReceivingOrder) VALUES (69, 'Courtney Goodman', 'Automotive engineer', '1975-12-02', 5);
INSERT INTO Announcer (AnnouncerID, AnnouncerName, AnnouncerPos, SessionOfAnnounce, ReceivingOrder) VALUES (70, 'Daniel Bond', 'Art therapist', '1979-06-27', 2);
INSERT INTO Announcer (AnnouncerID, AnnouncerName, AnnouncerPos, SessionOfAnnounce, ReceivingOrder) VALUES (71, 'Michelle Murphy', 'Engineer, control and instrumentation', '1995-08-05', 2);
INSERT INTO Announcer (AnnouncerID, AnnouncerName, AnnouncerPos, SessionOfAnnounce, ReceivingOrder) VALUES (72, 'Ronald Gordon', 'Magazine features editor', '2023-06-10', 3);
INSERT INTO Announcer (AnnouncerID, AnnouncerName, AnnouncerPos, SessionOfAnnounce, ReceivingOrder) VALUES (73, 'Brianna Ali', 'Immunologist', '1986-05-14', 7);
INSERT INTO Announcer (AnnouncerID, AnnouncerName, AnnouncerPos, SessionOfAnnounce, ReceivingOrder) VALUES (74, 'Larry Mcdaniel', 'Television production assistant', '2020-12-31', 9);
INSERT INTO Announcer (AnnouncerID, AnnouncerName, AnnouncerPos, SessionOfAnnounce, ReceivingOrder) VALUES (75, 'Stephanie Brooks', 'Insurance underwriter', '1999-02-21', 9);
INSERT INTO Announcer (AnnouncerID, AnnouncerName, AnnouncerPos, SessionOfAnnounce, ReceivingOrder) VALUES (76, 'Leslie Wilson', 'English as a second language teacher', '2004-12-15', 8);
INSERT INTO Announcer (AnnouncerID, AnnouncerName, AnnouncerPos, SessionOfAnnounce, ReceivingOrder) VALUES (77, 'Nancy Brooks', 'Early years teacher', '1975-03-30', 4);
INSERT INTO Announcer (AnnouncerID, AnnouncerName, AnnouncerPos, SessionOfAnnounce, ReceivingOrder) VALUES (78, 'Donna Green', 'Social worker', '2014-02-22', 6);
INSERT INTO Announcer (AnnouncerID, AnnouncerName, AnnouncerPos, SessionOfAnnounce, ReceivingOrder) VALUES (79, 'Jennifer Landry', 'Cytogeneticist', '1975-12-09', 9);
INSERT INTO Announcer (AnnouncerID, AnnouncerName, AnnouncerPos, SessionOfAnnounce, ReceivingOrder) VALUES (80, 'Anthony Scott', 'Analytical chemist', '1970-10-17', 9);
INSERT INTO Announcer (AnnouncerID, AnnouncerName, AnnouncerPos, SessionOfAnnounce, ReceivingOrder) VALUES (81, 'Jessica Armstrong', 'IT sales professional', '2019-05-22', 3);
INSERT INTO Announcer (AnnouncerID, AnnouncerName, AnnouncerPos, SessionOfAnnounce, ReceivingOrder) VALUES (82, 'Rachel Evans', 'Mudlogger', '1972-09-16', 2);
INSERT INTO Announcer (AnnouncerID, AnnouncerName, AnnouncerPos, SessionOfAnnounce, ReceivingOrder) VALUES (83, 'Thomas Martin', 'Psychiatrist', '2002-04-16', 6);
INSERT INTO Announcer (AnnouncerID, AnnouncerName, AnnouncerPos, SessionOfAnnounce, ReceivingOrder) VALUES (84, 'Charles Carson', 'Museum/gallery exhibitions officer', '1999-01-22', 8);
INSERT INTO Announcer (AnnouncerID, AnnouncerName, AnnouncerPos, SessionOfAnnounce, ReceivingOrder) VALUES (85, 'Andrew Henderson', 'Merchant navy officer', '2023-09-27', 1);
INSERT INTO Announcer (AnnouncerID, AnnouncerName, AnnouncerPos, SessionOfAnnounce, ReceivingOrder) VALUES (86, 'Jennifer Holloway', 'Conservator, furniture', '2015-04-17', 5);
INSERT INTO Announcer (AnnouncerID, AnnouncerName, AnnouncerPos, SessionOfAnnounce, ReceivingOrder) VALUES (87, 'Christina Barton', 'Health and safety adviser', '1990-03-10', 5);
INSERT INTO Announcer (AnnouncerID, AnnouncerName, AnnouncerPos, SessionOfAnnounce, ReceivingOrder) VALUES (88, 'Timothy Ingram', 'Glass blower/designer', '2014-02-15', 6);
INSERT INTO Announcer (AnnouncerID, AnnouncerName, AnnouncerPos, SessionOfAnnounce, ReceivingOrder) VALUES (89, 'Cory Atkinson', 'Chiropractor', '2012-05-09', 2);
INSERT INTO Announcer (AnnouncerID, AnnouncerName, AnnouncerPos, SessionOfAnnounce, ReceivingOrder) VALUES (90, 'Darrell Thomas', 'Clinical biochemist', '2015-06-29', 9);
INSERT INTO Announcer (AnnouncerID, AnnouncerName, AnnouncerPos, SessionOfAnnounce, ReceivingOrder) VALUES (91, 'Eric Price', 'Immunologist', '1992-02-29', 9);
INSERT INTO Announcer (AnnouncerID, AnnouncerName, AnnouncerPos, SessionOfAnnounce, ReceivingOrder) VALUES (92, 'Tonya Jennings', 'Mining engineer', '1993-10-24', 8);
INSERT INTO Announcer (AnnouncerID, AnnouncerName, AnnouncerPos, SessionOfAnnounce, ReceivingOrder) VALUES (93, 'Andrea Jones', 'Occupational therapist', '1980-01-22', 7);
INSERT INTO Announcer (AnnouncerID, AnnouncerName, AnnouncerPos, SessionOfAnnounce, ReceivingOrder) VALUES (94, 'Mr. Ryan Carter', 'Naval architect', '1993-09-24', 1);
INSERT INTO Announcer (AnnouncerID, AnnouncerName, AnnouncerPos, SessionOfAnnounce, ReceivingOrder) VALUES (95, 'Jorge Padilla', 'Contracting civil engineer', '1993-07-26', 4);
INSERT INTO Announcer (AnnouncerID, AnnouncerName, AnnouncerPos, SessionOfAnnounce, ReceivingOrder) VALUES (96, 'Christopher Hill', 'Site engineer', '2022-03-04', 6);
INSERT INTO Announcer (AnnouncerID, AnnouncerName, AnnouncerPos, SessionOfAnnounce, ReceivingOrder) VALUES (97, 'Susan Moore', 'Conservation officer, historic buildings', '2008-11-11', 2);
INSERT INTO Announcer (AnnouncerID, AnnouncerName, AnnouncerPos, SessionOfAnnounce, ReceivingOrder) VALUES (98, 'Charles White', 'Therapist, speech and language', '1983-04-14', 4);
INSERT INTO Announcer (AnnouncerID, AnnouncerName, AnnouncerPos, SessionOfAnnounce, ReceivingOrder) VALUES (99, 'Gary Parker', 'Armed forces training and education officer', '1994-10-18', 4);
INSERT INTO Announcer (AnnouncerID, AnnouncerName, AnnouncerPos, SessionOfAnnounce, ReceivingOrder) VALUES (100, 'Courtney Miller', 'Advertising art director', '2009-12-31', 1);

INSERT INTO Certificate (CertificateID, Degree, Faculty, Major, Honor, AnnouncerID) VALUES (1, 'Master', 'Educational psychologist', 're-intermediate out-of-the-box models', 'Magna Cum Laude', 93);
INSERT INTO Certificate (CertificateID, Degree, Faculty, Major, Honor, AnnouncerID) VALUES (2, 'PhD', 'Broadcast presenter', 'expedite viral paradigms', 'Cum Laude', 46);
INSERT INTO Certificate (CertificateID, Degree, Faculty, Major, Honor, AnnouncerID) VALUES (3, 'Master', 'Surveyor, land/geomatics', 'scale clicks-and-mortar partnerships', 'Summa Cum Laude', 26);
INSERT INTO Certificate (CertificateID, Degree, Faculty, Major, Honor, AnnouncerID) VALUES (4, 'Master', 'Journalist, newspaper', 'generate virtual vortals', 'Cum Laude', 22);
INSERT INTO Certificate (CertificateID, Degree, Faculty, Major, Honor, AnnouncerID) VALUES (5, 'Master', 'Soil scientist', 'transition customized methodologies', 'Summa Cum Laude', 32);
INSERT INTO Certificate (CertificateID, Degree, Faculty, Major, Honor, AnnouncerID) VALUES (6, 'Bachelor', 'Visual merchandiser', 'deliver e-business functionalities', 'Honorable Mention', 65);
INSERT INTO Certificate (CertificateID, Degree, Faculty, Major, Honor, AnnouncerID) VALUES (7, 'Bachelor', 'Engineer, automotive', 'synergize granular bandwidth', 'Summa Cum Laude', 14);
INSERT INTO Certificate (CertificateID, Degree, Faculty, Major, Honor, AnnouncerID) VALUES (8, 'Master', 'Systems developer', 'revolutionize leading-edge web-readiness', 'Magna Cum Laude', 87);
INSERT INTO Certificate (CertificateID, Degree, Faculty, Major, Honor, AnnouncerID) VALUES (9, 'Bachelor', 'Ecologist', 'iterate robust applications', 'Honorable Mention', 66);
INSERT INTO Certificate (CertificateID, Degree, Faculty, Major, Honor, AnnouncerID) VALUES (10, 'PhD', 'Sports administrator', 'syndicate intuitive content', 'Honorable Mention', 40);
INSERT INTO Certificate (CertificateID, Degree, Faculty, Major, Honor, AnnouncerID) VALUES (11, 'Master', 'Buyer, retail', 'deliver dynamic niches', 'Honorable Mention', 60);
INSERT INTO Certificate (CertificateID, Degree, Faculty, Major, Honor, AnnouncerID) VALUES (12, 'Bachelor', 'Animal technologist', 're-intermediate transparent interfaces', 'Summa Cum Laude', 64);
INSERT INTO Certificate (CertificateID, Degree, Faculty, Major, Honor, AnnouncerID) VALUES (13, 'PhD', 'Data scientist', 'cultivate impactful synergies', 'Magna Cum Laude', 13);
INSERT INTO Certificate (CertificateID, Degree, Faculty, Major, Honor, AnnouncerID) VALUES (14, 'Master', 'Publishing rights manager', 'matrix efficient platforms', 'Cum Laude', 85);
INSERT INTO Certificate (CertificateID, Degree, Faculty, Major, Honor, AnnouncerID) VALUES (15, 'Master', 'Tax adviser', 'deploy global technologies', 'Honorable Mention', 24);
INSERT INTO Certificate (CertificateID, Degree, Faculty, Major, Honor, AnnouncerID) VALUES (16, 'Master', 'Paramedic', 'enable out-of-the-box vortals', 'Cum Laude', 33);
INSERT INTO Certificate (CertificateID, Degree, Faculty, Major, Honor, AnnouncerID) VALUES (17, 'PhD', 'Industrial/product designer', 'e-enable leading-edge markets', 'Magna Cum Laude', 69);
INSERT INTO Certificate (CertificateID, Degree, Faculty, Major, Honor, AnnouncerID) VALUES (18, 'Bachelor', 'Financial risk analyst', 'drive B2B platforms', 'Magna Cum Laude', 28);
INSERT INTO Certificate (CertificateID, Degree, Faculty, Major, Honor, AnnouncerID) VALUES (19, 'Bachelor', 'Administrator, local government', 'enable viral channels', 'Cum Laude', 74);
INSERT INTO Certificate (CertificateID, Degree, Faculty, Major, Honor, AnnouncerID) VALUES (20, 'Bachelor', 'Engineer, chemical', 'optimize interactive communities', 'Summa Cum Laude', 98);
INSERT INTO Certificate (CertificateID, Degree, Faculty, Major, Honor, AnnouncerID) VALUES (21, 'PhD', 'Risk analyst', 'monetize enterprise functionalities', 'Summa Cum Laude', 20);
INSERT INTO Certificate (CertificateID, Degree, Faculty, Major, Honor, AnnouncerID) VALUES (22, 'Bachelor', 'Associate Professor', 'deploy enterprise initiatives', 'Magna Cum Laude', 35);
INSERT INTO Certificate (CertificateID, Degree, Faculty, Major, Honor, AnnouncerID) VALUES (23, 'Master', 'Sports administrator', 'extend 24/7 relationships', 'Magna Cum Laude', 86);
INSERT INTO Certificate (CertificateID, Degree, Faculty, Major, Honor, AnnouncerID) VALUES (24, 'Master', 'Analytical chemist', 'strategize efficient paradigms', 'Cum Laude', 32);
INSERT INTO Certificate (CertificateID, Degree, Faculty, Major, Honor, AnnouncerID) VALUES (25, 'Master', 'Geochemist', 'extend intuitive systems', 'Magna Cum Laude', 73);
INSERT INTO Certificate (CertificateID, Degree, Faculty, Major, Honor, AnnouncerID) VALUES (26, 'PhD', 'Estate agent', 'disintermediate mission-critical applications', 'Cum Laude', 100);
INSERT INTO Certificate (CertificateID, Degree, Faculty, Major, Honor, AnnouncerID) VALUES (27, 'PhD', 'Health physicist', 'syndicate B2B e-markets', 'Magna Cum Laude', 71);
INSERT INTO Certificate (CertificateID, Degree, Faculty, Major, Honor, AnnouncerID) VALUES (28, 'PhD', 'Race relations officer', 'whiteboard rich systems', 'Cum Laude', 58);
INSERT INTO Certificate (CertificateID, Degree, Faculty, Major, Honor, AnnouncerID) VALUES (29, 'Master', 'Solicitor', 'harness sticky niches', 'Cum Laude', 4);
INSERT INTO Certificate (CertificateID, Degree, Faculty, Major, Honor, AnnouncerID) VALUES (30, 'PhD', 'Lecturer, further education', 'leverage global users', 'Honorable Mention', 29);
INSERT INTO Certificate (CertificateID, Degree, Faculty, Major, Honor, AnnouncerID) VALUES (31, 'Bachelor', 'Accountant, chartered certified', 'envisioneer bricks-and-clicks schemas', 'Cum Laude', 52);
INSERT INTO Certificate (CertificateID, Degree, Faculty, Major, Honor, AnnouncerID) VALUES (32, 'PhD', 'Civil Service fast streamer', 'seize strategic action-items', 'Magna Cum Laude', 83);
INSERT INTO Certificate (CertificateID, Degree, Faculty, Major, Honor, AnnouncerID) VALUES (33, 'PhD', 'Nurse, mental health', 'productize clicks-and-mortar mindshare', 'Summa Cum Laude', 28);
INSERT INTO Certificate (CertificateID, Degree, Faculty, Major, Honor, AnnouncerID) VALUES (34, 'Master', 'Buyer, retail', 'e-enable enterprise channels', 'Cum Laude', 52);
INSERT INTO Certificate (CertificateID, Degree, Faculty, Major, Honor, AnnouncerID) VALUES (35, 'Bachelor', 'Multimedia programmer', 'revolutionize value-added paradigms', 'Honorable Mention', 32);
INSERT INTO Certificate (CertificateID, Degree, Faculty, Major, Honor, AnnouncerID) VALUES (36, 'PhD', 'Scientist, clinical (histocompatibility and immunogenetics)', 'expedite out-of-the-box convergence', 'Honorable Mention', 51);
INSERT INTO Certificate (CertificateID, Degree, Faculty, Major, Honor, AnnouncerID) VALUES (37, 'PhD', 'Furniture conservator/restorer', 'engineer front-end eyeballs', 'Honorable Mention', 68);
INSERT INTO Certificate (CertificateID, Degree, Faculty, Major, Honor, AnnouncerID) VALUES (38, 'PhD', 'Futures trader', 'repurpose bricks-and-clicks users', 'Cum Laude', 59);
INSERT INTO Certificate (CertificateID, Degree, Faculty, Major, Honor, AnnouncerID) VALUES (39, 'Master', 'Technical sales engineer', 'streamline dynamic networks', 'Honorable Mention', 62);
INSERT INTO Certificate (CertificateID, Degree, Faculty, Major, Honor, AnnouncerID) VALUES (40, 'Master', 'Charity fundraiser', 'utilize next-generation bandwidth', 'Honorable Mention', 33);
INSERT INTO Certificate (CertificateID, Degree, Faculty, Major, Honor, AnnouncerID) VALUES (41, 'PhD', 'Government social research officer', 'e-enable back-end mindshare', 'Summa Cum Laude', 18);
INSERT INTO Certificate (CertificateID, Degree, Faculty, Major, Honor, AnnouncerID) VALUES (42, 'PhD', 'Accountant, chartered certified', 'engage scalable models', 'Summa Cum Laude', 41);
INSERT INTO Certificate (CertificateID, Degree, Faculty, Major, Honor, AnnouncerID) VALUES (43, 'Bachelor', 'Investment banker, operational', 'benchmark revolutionary communities', 'Honorable Mention', 35);
INSERT INTO Certificate (CertificateID, Degree, Faculty, Major, Honor, AnnouncerID) VALUES (44, 'Bachelor', 'Museum/gallery conservator', 'visualize out-of-the-box channels', 'Cum Laude', 85);
INSERT INTO Certificate (CertificateID, Degree, Faculty, Major, Honor, AnnouncerID) VALUES (45, 'Master', 'Estate manager/land agent', 'cultivate next-generation e-markets', 'Magna Cum Laude', 18);
INSERT INTO Certificate (CertificateID, Degree, Faculty, Major, Honor, AnnouncerID) VALUES (46, 'Bachelor', 'Freight forwarder', 'generate global partnerships', 'Summa Cum Laude', 49);
INSERT INTO Certificate (CertificateID, Degree, Faculty, Major, Honor, AnnouncerID) VALUES (47, 'Bachelor', 'Medical technical officer', 'grow 24/365 models', 'Cum Laude', 37);
INSERT INTO Certificate (CertificateID, Degree, Faculty, Major, Honor, AnnouncerID) VALUES (48, 'Master', 'Web designer', 'grow end-to-end markets', 'Summa Cum Laude', 52);
INSERT INTO Certificate (CertificateID, Degree, Faculty, Major, Honor, AnnouncerID) VALUES (49, 'Master', 'Chief Financial Officer', 'morph enterprise interfaces', 'Summa Cum Laude', 88);
INSERT INTO Certificate (CertificateID, Degree, Faculty, Major, Honor, AnnouncerID) VALUES (50, 'Bachelor', 'Research scientist (life sciences)', 're-contextualize bleeding-edge solutions', 'Honorable Mention', 34);
INSERT INTO Certificate (CertificateID, Degree, Faculty, Major, Honor, AnnouncerID) VALUES (51, 'Master', 'Social researcher', 'architect next-generation supply-chains', 'Summa Cum Laude', 12);
INSERT INTO Certificate (CertificateID, Degree, Faculty, Major, Honor, AnnouncerID) VALUES (52, 'PhD', 'Sales executive', 'incubate visionary applications', 'Honorable Mention', 77);
INSERT INTO Certificate (CertificateID, Degree, Faculty, Major, Honor, AnnouncerID) VALUES (53, 'PhD', 'Physicist, medical', 'embrace frictionless bandwidth', 'Summa Cum Laude', 68);
INSERT INTO Certificate (CertificateID, Degree, Faculty, Major, Honor, AnnouncerID) VALUES (54, 'PhD', 'Equality and diversity officer', 'extend plug-and-play supply-chains', 'Magna Cum Laude', 77);
INSERT INTO Certificate (CertificateID, Degree, Faculty, Major, Honor, AnnouncerID) VALUES (55, 'Master', 'Agricultural engineer', 'incubate B2B portals', 'Honorable Mention', 50);
INSERT INTO Certificate (CertificateID, Degree, Faculty, Major, Honor, AnnouncerID) VALUES (56, 'Master', 'Pensions consultant', 'drive rich supply-chains', 'Honorable Mention', 38);
INSERT INTO Certificate (CertificateID, Degree, Faculty, Major, Honor, AnnouncerID) VALUES (57, 'Master', 'General practice doctor', 'deliver holistic e-commerce', 'Summa Cum Laude', 84);
INSERT INTO Certificate (CertificateID, Degree, Faculty, Major, Honor, AnnouncerID) VALUES (58, 'PhD', 'Biomedical engineer', 'harness B2C info-mediaries', 'Magna Cum Laude', 23);
INSERT INTO Certificate (CertificateID, Degree, Faculty, Major, Honor, AnnouncerID) VALUES (59, 'Bachelor', 'Research scientist (life sciences)', 'maximize leading-edge e-services', 'Cum Laude', 12);
INSERT INTO Certificate (CertificateID, Degree, Faculty, Major, Honor, AnnouncerID) VALUES (60, 'Master', 'Data processing manager', 'benchmark transparent web-readiness', 'Magna Cum Laude', 100);
INSERT INTO Certificate (CertificateID, Degree, Faculty, Major, Honor, AnnouncerID) VALUES (61, 'Bachelor', 'Public affairs consultant', 'incentivize e-business e-business', 'Summa Cum Laude', 27);
INSERT INTO Certificate (CertificateID, Degree, Faculty, Major, Honor, AnnouncerID) VALUES (62, 'PhD', 'Surveyor, building', 'transition one-to-one partnerships', 'Honorable Mention', 31);
INSERT INTO Certificate (CertificateID, Degree, Faculty, Major, Honor, AnnouncerID) VALUES (63, 'PhD', 'Media buyer', 'empower sticky e-tailers', 'Summa Cum Laude', 20);
INSERT INTO Certificate (CertificateID, Degree, Faculty, Major, Honor, AnnouncerID) VALUES (64, 'Master', 'Corporate investment banker', 'expedite cross-platform architectures', 'Cum Laude', 7);
INSERT INTO Certificate (CertificateID, Degree, Faculty, Major, Honor, AnnouncerID) VALUES (65, 'Master', 'Surveyor, planning and development', 'revolutionize plug-and-play metrics', 'Honorable Mention', 6);
INSERT INTO Certificate (CertificateID, Degree, Faculty, Major, Honor, AnnouncerID) VALUES (66, 'Master', 'Horticultural therapist', 'enhance viral channels', 'Summa Cum Laude', 88);
INSERT INTO Certificate (CertificateID, Degree, Faculty, Major, Honor, AnnouncerID) VALUES (67, 'Master', 'Tourist information centre manager', 'revolutionize cross-platform ROI', 'Summa Cum Laude', 83);
INSERT INTO Certificate (CertificateID, Degree, Faculty, Major, Honor, AnnouncerID) VALUES (68, 'PhD', 'IT consultant', 'enhance mission-critical content', 'Magna Cum Laude', 75);
INSERT INTO Certificate (CertificateID, Degree, Faculty, Major, Honor, AnnouncerID) VALUES (69, 'Bachelor', 'Early years teacher', 'benchmark frictionless experiences', 'Magna Cum Laude', 74);
INSERT INTO Certificate (CertificateID, Degree, Faculty, Major, Honor, AnnouncerID) VALUES (70, 'PhD', 'Production manager', 'disintermediate frictionless convergence', 'Magna Cum Laude', 89);
INSERT INTO Certificate (CertificateID, Degree, Faculty, Major, Honor, AnnouncerID) VALUES (71, 'PhD', 'Engineer, manufacturing', 'generate wireless convergence', 'Summa Cum Laude', 44);
INSERT INTO Certificate (CertificateID, Degree, Faculty, Major, Honor, AnnouncerID) VALUES (72, 'Master', 'Video editor', 'leverage open-source synergies', 'Honorable Mention', 15);
INSERT INTO Certificate (CertificateID, Degree, Faculty, Major, Honor, AnnouncerID) VALUES (73, 'PhD', 'Orthoptist', 'extend granular platforms', 'Cum Laude', 44);
INSERT INTO Certificate (CertificateID, Degree, Faculty, Major, Honor, AnnouncerID) VALUES (74, 'Bachelor', 'Armed forces training and education officer', 'matrix revolutionary eyeballs', 'Cum Laude', 74);
INSERT INTO Certificate (CertificateID, Degree, Faculty, Major, Honor, AnnouncerID) VALUES (75, 'Bachelor', 'Private music teacher', 're-contextualize rich supply-chains', 'Cum Laude', 10);
INSERT INTO Certificate (CertificateID, Degree, Faculty, Major, Honor, AnnouncerID) VALUES (76, 'PhD', 'Engineer, broadcasting (operations)', 'incentivize synergistic partnerships', 'Honorable Mention', 13);
INSERT INTO Certificate (CertificateID, Degree, Faculty, Major, Honor, AnnouncerID) VALUES (77, 'Master', 'Programmer, multimedia', 'matrix intuitive niches', 'Cum Laude', 17);
INSERT INTO Certificate (CertificateID, Degree, Faculty, Major, Honor, AnnouncerID) VALUES (78, 'Bachelor', 'Sports therapist', 'generate extensible infrastructures', 'Summa Cum Laude', 23);
INSERT INTO Certificate (CertificateID, Degree, Faculty, Major, Honor, AnnouncerID) VALUES (79, 'Bachelor', 'Therapist, sports', 'innovate cutting-edge initiatives', 'Honorable Mention', 69);
INSERT INTO Certificate (CertificateID, Degree, Faculty, Major, Honor, AnnouncerID) VALUES (80, 'Master', 'Geophysicist/field seismologist', 'mesh bricks-and-clicks models', 'Summa Cum Laude', 63);
INSERT INTO Certificate (CertificateID, Degree, Faculty, Major, Honor, AnnouncerID) VALUES (81, 'PhD', 'Medical technical officer', 'synthesize best-of-breed portals', 'Cum Laude', 32);
INSERT INTO Certificate (CertificateID, Degree, Faculty, Major, Honor, AnnouncerID) VALUES (82, 'Master', 'Volunteer coordinator', 'seize bricks-and-clicks info-mediaries', 'Honorable Mention', 80);
INSERT INTO Certificate (CertificateID, Degree, Faculty, Major, Honor, AnnouncerID) VALUES (83, 'Master', 'Theatre manager', 'integrate front-end content', 'Magna Cum Laude', 14);
INSERT INTO Certificate (CertificateID, Degree, Faculty, Major, Honor, AnnouncerID) VALUES (84, 'PhD', 'Horticulturist, commercial', 'implement virtual e-services', 'Summa Cum Laude', 2);
INSERT INTO Certificate (CertificateID, Degree, Faculty, Major, Honor, AnnouncerID) VALUES (85, 'Bachelor', 'Theme park manager', 'visualize cutting-edge e-business', 'Cum Laude', 26);
INSERT INTO Certificate (CertificateID, Degree, Faculty, Major, Honor, AnnouncerID) VALUES (86, 'PhD', 'Museum/gallery conservator', 'engineer extensible niches', 'Summa Cum Laude', 64);
INSERT INTO Certificate (CertificateID, Degree, Faculty, Major, Honor, AnnouncerID) VALUES (87, 'Master', 'Accountant, chartered', 'exploit magnetic solutions', 'Honorable Mention', 40);
INSERT INTO Certificate (CertificateID, Degree, Faculty, Major, Honor, AnnouncerID) VALUES (88, 'Bachelor', 'Environmental education officer', 'scale integrated methodologies', 'Honorable Mention', 23);
INSERT INTO Certificate (CertificateID, Degree, Faculty, Major, Honor, AnnouncerID) VALUES (89, 'PhD', 'Air traffic controller', 'orchestrate out-of-the-box networks', 'Magna Cum Laude', 9);
INSERT INTO Certificate (CertificateID, Degree, Faculty, Major, Honor, AnnouncerID) VALUES (90, 'Bachelor', 'Designer, jewellery', 're-intermediate proactive technologies', 'Magna Cum Laude', 62);
INSERT INTO Certificate (CertificateID, Degree, Faculty, Major, Honor, AnnouncerID) VALUES (91, 'Master', 'Accounting technician', 'aggregate vertical eyeballs', 'Cum Laude', 17);
INSERT INTO Certificate (CertificateID, Degree, Faculty, Major, Honor, AnnouncerID) VALUES (92, 'Master', 'Designer, multimedia', 'mesh synergistic e-services', 'Cum Laude', 16);
INSERT INTO Certificate (CertificateID, Degree, Faculty, Major, Honor, AnnouncerID) VALUES (93, 'PhD', 'Radiographer, therapeutic', 'whiteboard synergistic mindshare', 'Honorable Mention', 25);
INSERT INTO Certificate (CertificateID, Degree, Faculty, Major, Honor, AnnouncerID) VALUES (94, 'PhD', 'Surveyor, building', 'utilize strategic partnerships', 'Cum Laude', 49);
INSERT INTO Certificate (CertificateID, Degree, Faculty, Major, Honor, AnnouncerID) VALUES (95, 'Master', 'Operational researcher', 'architect web-enabled convergence', 'Cum Laude', 12);
INSERT INTO Certificate (CertificateID, Degree, Faculty, Major, Honor, AnnouncerID) VALUES (96, 'Bachelor', 'Lecturer, further education', 'enhance web-enabled markets', 'Magna Cum Laude', 72);
INSERT INTO Certificate (CertificateID, Degree, Faculty, Major, Honor, AnnouncerID) VALUES (97, 'PhD', 'Surveyor, hydrographic', 'drive sticky e-markets', 'Cum Laude', 37);
INSERT INTO Certificate (CertificateID, Degree, Faculty, Major, Honor, AnnouncerID) VALUES (98, 'Bachelor', 'Engineer, chemical', 'integrate B2C content', 'Magna Cum Laude', 63);
INSERT INTO Certificate (CertificateID, Degree, Faculty, Major, Honor, AnnouncerID) VALUES (99, 'PhD', 'Database administrator', 're-intermediate customized markets', 'Summa Cum Laude', 51);
INSERT INTO Certificate (CertificateID, Degree, Faculty, Major, Honor, AnnouncerID) VALUES (100, 'PhD', 'Biomedical scientist', 're-contextualize collaborative metrics', 'Honorable Mention', 87);

INSERT INTO Student (StudentID, OrderOfReceive, CertificateOrder, Firstname, Surname, NamePronunciation, CertificateID, Notes) VALUES (1, 43, 78, 'Wyatt', 'Mendoza', 'step', 42, 'Almost herself life medical. Mouth major west raise she news.
Anything personal doctor end interest.');
INSERT INTO Student (StudentID, OrderOfReceive, CertificateOrder, Firstname, Surname, NamePronunciation, CertificateID, Notes) VALUES (2, 33, 27, 'Rachel', 'Steele', 'key', 4, 'And indeed common remain very relate. Change some project.
According gas until with. Open mother trial east best. Daughter evidence laugh develop party college fly wish.');
INSERT INTO Student (StudentID, OrderOfReceive, CertificateOrder, Firstname, Surname, NamePronunciation, CertificateID, Notes) VALUES (3, 76, 29, 'Mallory', 'White', 'instead', 12, 'Stand woman simply true. Write million sister drop network single anyone. Foreign its stop accept conference watch. Son shoulder adult senior wide lead.');
INSERT INTO Student (StudentID, OrderOfReceive, CertificateOrder, Firstname, Surname, NamePronunciation, CertificateID, Notes) VALUES (4, 7, 50, 'Stephen', 'Lutz', 'here', 53, 'Defense miss huge red up. Protect another act car student court long quickly. Believe suddenly radio my well system thought particularly.');
INSERT INTO Student (StudentID, OrderOfReceive, CertificateOrder, Firstname, Surname, NamePronunciation, CertificateID, Notes) VALUES (5, 95, 96, 'Ryan', 'Townsend', 'contain', 22, 'Bill view you positive pay could understand. Early have sense brother natural. During half finish detail certain.');
INSERT INTO Student (StudentID, OrderOfReceive, CertificateOrder, Firstname, Surname, NamePronunciation, CertificateID, Notes) VALUES (6, 55, 51, 'Catherine', 'Parker', 'political', 21, 'Sometimes position research number section write.
Place plant reveal maintain example yet at. Foreign finally save others ahead alone large. Customer blue improve moment bar together government.');
INSERT INTO Student (StudentID, OrderOfReceive, CertificateOrder, Firstname, Surname, NamePronunciation, CertificateID, Notes) VALUES (7, 40, 96, 'Andrea', 'Sutton', 'modern', 83, 'Talk history many mention put series. Rich soon partner quickly language economic. Expert them because relationship easy another.');
INSERT INTO Student (StudentID, OrderOfReceive, CertificateOrder, Firstname, Surname, NamePronunciation, CertificateID, Notes) VALUES (8, 11, 76, 'Paul', 'Barnett', 'doctor', 57, 'Total yet around moment. Over current star majority thus.');
INSERT INTO Student (StudentID, OrderOfReceive, CertificateOrder, Firstname, Surname, NamePronunciation, CertificateID, Notes) VALUES (9, 92, 60, 'Nicole', 'Perez', 'safe', 46, 'Else today discover modern set. Daughter market them bad hospital impact six. Ago enough various late know.');
INSERT INTO Student (StudentID, OrderOfReceive, CertificateOrder, Firstname, Surname, NamePronunciation, CertificateID, Notes) VALUES (10, 8, 53, 'Pamela', 'Coleman', 'part', 86, 'Challenge individual decision administration word try. Arrive land sea stage three civil sister.
Pay sell relate consider. Left common whether use hour life I.');
INSERT INTO Student (StudentID, OrderOfReceive, CertificateOrder, Firstname, Surname, NamePronunciation, CertificateID, Notes) VALUES (11, 50, 27, 'Anna', 'Frazier', 'modern', 56, 'Figure medical maybe. Certain gas success structure painting account effect trial. Board radio agency state in shake.');
INSERT INTO Student (StudentID, OrderOfReceive, CertificateOrder, Firstname, Surname, NamePronunciation, CertificateID, Notes) VALUES (12, 65, 85, 'Alexander', 'Thompson', 'scene', 24, 'Move arm our activity strong oil. Prove in tax far response none. Suddenly politics something mouth say participant.
Science indeed stuff yes. Region treatment some personal help his commercial.');
INSERT INTO Student (StudentID, OrderOfReceive, CertificateOrder, Firstname, Surname, NamePronunciation, CertificateID, Notes) VALUES (13, 31, 12, 'Alan', 'Hansen', 'activity', 93, 'Reality pressure expect might push case. Score memory back compare operation.
Experience trial writer. Where card decade save lay matter food.');
INSERT INTO Student (StudentID, OrderOfReceive, CertificateOrder, Firstname, Surname, NamePronunciation, CertificateID, Notes) VALUES (14, 38, 84, 'Brittany', 'Martinez', 'after', 95, 'Could say all science decade paper. Stock for figure ten cultural defense face. Too if he college beat civil peace.');
INSERT INTO Student (StudentID, OrderOfReceive, CertificateOrder, Firstname, Surname, NamePronunciation, CertificateID, Notes) VALUES (15, 88, 9, 'Carol', 'Fuller', 'tell', 88, 'Edge people suggest treatment marriage everyone pattern. Couple summer red. Project wide put also would commercial.');
INSERT INTO Student (StudentID, OrderOfReceive, CertificateOrder, Firstname, Surname, NamePronunciation, CertificateID, Notes) VALUES (16, 72, 68, 'Gabriella', 'Cohen', 'reason', 40, 'Huge act option project leg travel president. Character film role memory third. Daughter star drop look himself production.');
INSERT INTO Student (StudentID, OrderOfReceive, CertificateOrder, Firstname, Surname, NamePronunciation, CertificateID, Notes) VALUES (17, 25, 52, 'Jeff', 'Brown', 'red', 56, 'Page fire major point star where. West music myself. Music particularly trouble social spend particular.
Happy say doctor age. Live too administration chance network drop. Think foot idea clear this.');
INSERT INTO Student (StudentID, OrderOfReceive, CertificateOrder, Firstname, Surname, NamePronunciation, CertificateID, Notes) VALUES (18, 99, 81, 'Tina', 'Miller', 'green', 98, 'Show star history court. Federal about though speak. Business scientist maintain technology.
School could three actually him per project. Everything third final paper attorney. Note reveal well.');
INSERT INTO Student (StudentID, OrderOfReceive, CertificateOrder, Firstname, Surname, NamePronunciation, CertificateID, Notes) VALUES (19, 97, 27, 'Meagan', 'Campbell', 'new', 93, 'Talk threat line trial artist age. Interesting agreement Democrat. Quickly marriage college.');
INSERT INTO Student (StudentID, OrderOfReceive, CertificateOrder, Firstname, Surname, NamePronunciation, CertificateID, Notes) VALUES (20, 64, 57, 'Shelby', 'Thompson', 'threat', 89, 'Could office recognize work. Meet later seek clearly security ground also he. Tv run house PM image.');
INSERT INTO Student (StudentID, OrderOfReceive, CertificateOrder, Firstname, Surname, NamePronunciation, CertificateID, Notes) VALUES (21, 93, 19, 'Julie', 'Morales', 'door', 1, 'Choose everyone particularly wonder allow though pretty give. Life usually population guy animal. Build nature city. Republican let wear.');
INSERT INTO Student (StudentID, OrderOfReceive, CertificateOrder, Firstname, Surname, NamePronunciation, CertificateID, Notes) VALUES (22, 60, 74, 'Rebecca', 'Coleman', 'stock', 63, 'Foot remain task sit talk. Market second off she get. Yourself song stuff though staff.
Day politics close attack line off pressure. Live another husband like.');
INSERT INTO Student (StudentID, OrderOfReceive, CertificateOrder, Firstname, Surname, NamePronunciation, CertificateID, Notes) VALUES (23, 66, 9, 'Jeanne', 'Stewart', 'seven', 62, 'Move soon computer bad six herself talk police. Provide these your this week camera.');
INSERT INTO Student (StudentID, OrderOfReceive, CertificateOrder, Firstname, Surname, NamePronunciation, CertificateID, Notes) VALUES (24, 10, 36, 'Katherine', 'Johnson', 'thought', 63, 'Myself claim letter career lead. Popular son war sit spring. Movie example black for clear dream property.');
INSERT INTO Student (StudentID, OrderOfReceive, CertificateOrder, Firstname, Surname, NamePronunciation, CertificateID, Notes) VALUES (25, 74, 52, 'Emily', 'Simpson', 'old', 40, 'Officer like teach cost industry thus financial. Take him alone per guy. Body teacher candidate generation task.
Until fire candidate quickly off. Series size station technology staff into.');
INSERT INTO Student (StudentID, OrderOfReceive, CertificateOrder, Firstname, Surname, NamePronunciation, CertificateID, Notes) VALUES (26, 22, 14, 'Briana', 'Watts', 'home', 79, 'Me skill imagine ask bank capital movement role. Child win weight couple office.
Than argue force economic camera.');
INSERT INTO Student (StudentID, OrderOfReceive, CertificateOrder, Firstname, Surname, NamePronunciation, CertificateID, Notes) VALUES (27, 2, 77, 'Ronald', 'Wood', 'bring', 97, 'Use sit catch hear building ok. True them across main rate pull media environmental.
Seem tell certain notice. Know century option.');
INSERT INTO Student (StudentID, OrderOfReceive, CertificateOrder, Firstname, Surname, NamePronunciation, CertificateID, Notes) VALUES (28, 80, 94, 'Lisa', 'Martinez', 'senior', 26, 'He rise world commercial happen find. Expert let method thought trip. Her live stage concern and party friend.
Pattern interesting tend identify alone treat. Your show cost player begin gas exist.');
INSERT INTO Student (StudentID, OrderOfReceive, CertificateOrder, Firstname, Surname, NamePronunciation, CertificateID, Notes) VALUES (29, 4, 8, 'Kelly', 'Montoya', 'those', 85, 'Any affect language body less under leg enter. Continue interview change follow radio song.
Red cause important. End national down fill near man. Whole maintain around. Many stage until.');
INSERT INTO Student (StudentID, OrderOfReceive, CertificateOrder, Firstname, Surname, NamePronunciation, CertificateID, Notes) VALUES (30, 5, 31, 'Julie', 'Gates', 'imagine', 99, 'Husband budget open let imagine general care. Bed threat need and prove.
Color more which skill itself feel cost.
Draw phone this politics list bit.');
INSERT INTO Student (StudentID, OrderOfReceive, CertificateOrder, Firstname, Surname, NamePronunciation, CertificateID, Notes) VALUES (31, 24, 99, 'David', 'Contreras', 'visit', 53, 'Administration different stop necessary involve age. Economic institution great eight field court. Agree around official science just.
Head order trial enough forward. Center hot available thousand.');
INSERT INTO Student (StudentID, OrderOfReceive, CertificateOrder, Firstname, Surname, NamePronunciation, CertificateID, Notes) VALUES (32, 54, 46, 'Carlos', 'Petty', 'artist', 18, 'Action town fire after at these. Bag interest wait opportunity.
Food north understand heavy cost check. Focus sound explain president adult move.');
INSERT INTO Student (StudentID, OrderOfReceive, CertificateOrder, Firstname, Surname, NamePronunciation, CertificateID, Notes) VALUES (33, 51, 75, 'Lindsay', 'Wallace', 'bill', 14, 'Media democratic society TV relate agent. Reflect explain senior tell against activity current our.
Customer century minute anyone prevent. Break baby key try health.');
INSERT INTO Student (StudentID, OrderOfReceive, CertificateOrder, Firstname, Surname, NamePronunciation, CertificateID, Notes) VALUES (34, 12, 1, 'Jennifer', 'Smith', 'world', 58, 'Already character seek. Upon effect join three have. Often bar eye event option just stuff.
Admit people allow happen table cost catch. Though would far leg eight part factor.');
INSERT INTO Student (StudentID, OrderOfReceive, CertificateOrder, Firstname, Surname, NamePronunciation, CertificateID, Notes) VALUES (35, 21, 71, 'Justin', 'Vaughn', 'way', 48, 'Couple in point blue. Subject quality perform certainly me goal. Story dog make write miss state. High will professional future see.');
INSERT INTO Student (StudentID, OrderOfReceive, CertificateOrder, Firstname, Surname, NamePronunciation, CertificateID, Notes) VALUES (36, 39, 47, 'Nina', 'Travis', 'particularly', 39, 'History sign although thousand pull language include.
Health save way check investment general factor. Part listen participant perhaps appear throughout.');
INSERT INTO Student (StudentID, OrderOfReceive, CertificateOrder, Firstname, Surname, NamePronunciation, CertificateID, Notes) VALUES (37, 30, 15, 'Kristen', 'Patel', 'your', 66, 'Fear list go food one local. Foreign environment after that. Always pretty possible really rule here reflect. Evidence car card face bank reason smile.');
INSERT INTO Student (StudentID, OrderOfReceive, CertificateOrder, Firstname, Surname, NamePronunciation, CertificateID, Notes) VALUES (38, 16, 47, 'April', 'Hodge', 'our', 9, 'Relate perhaps town baby either eat. Any our late standard common turn gas. Environment amount form baby.');
INSERT INTO Student (StudentID, OrderOfReceive, CertificateOrder, Firstname, Surname, NamePronunciation, CertificateID, Notes) VALUES (39, 13, 77, 'Anthony', 'Gonzalez', 'well', 57, 'Purpose together sport. Red lead fear bag tell moment school city.
Father feeling prevent here. Technology hundred fear else. Model I similar anything later approach financial.');
INSERT INTO Student (StudentID, OrderOfReceive, CertificateOrder, Firstname, Surname, NamePronunciation, CertificateID, Notes) VALUES (40, 44, 76, 'David', 'Hill', 'value', 51, 'Nor including amount situation heavy tend hold air. Total work listen. Writer wide itself party.');
INSERT INTO Student (StudentID, OrderOfReceive, CertificateOrder, Firstname, Surname, NamePronunciation, CertificateID, Notes) VALUES (41, 61, 22, 'Susan', 'Barry', 'west', 67, 'Space you staff. Change none set realize compare require get. While age page whom inside avoid her.');
INSERT INTO Student (StudentID, OrderOfReceive, CertificateOrder, Firstname, Surname, NamePronunciation, CertificateID, Notes) VALUES (42, 73, 26, 'Lisa', 'Gray', 'task', 73, 'Ground series light heart simple country. Mind amount sister win happy.
Happy field box listen receive difference system. And wish practice level drop. Everyone though green camera necessary reason.');
INSERT INTO Student (StudentID, OrderOfReceive, CertificateOrder, Firstname, Surname, NamePronunciation, CertificateID, Notes) VALUES (43, 82, 67, 'Adriana', 'Hicks', 'against', 96, 'Education ability feeling guy type name. Receive study kind million some.');
INSERT INTO Student (StudentID, OrderOfReceive, CertificateOrder, Firstname, Surname, NamePronunciation, CertificateID, Notes) VALUES (44, 41, 23, 'Brenda', 'Allen', 'their', 58, 'Per purpose garden air nearly personal we. Itself pull movie for simple could every.');
INSERT INTO Student (StudentID, OrderOfReceive, CertificateOrder, Firstname, Surname, NamePronunciation, CertificateID, Notes) VALUES (45, 81, 82, 'Jennifer', 'Smith', 'dark', 22, 'Ago leave news figure painting material. Someone probably single. Choose again service test.');
INSERT INTO Student (StudentID, OrderOfReceive, CertificateOrder, Firstname, Surname, NamePronunciation, CertificateID, Notes) VALUES (46, 68, 45, 'Arthur', 'Jenkins', 'contain', 70, 'Tell sense visit when. Past help college determine rest.
Career evidence view. Through country appear special identify. Contain spend also.');
INSERT INTO Student (StudentID, OrderOfReceive, CertificateOrder, Firstname, Surname, NamePronunciation, CertificateID, Notes) VALUES (47, 56, 29, 'Cassie', 'Farmer', 'organization', 74, 'Sense manager who audience say report.
Dinner candidate again cause building guy list. Paper crime carry. Career western agent investment put.');
INSERT INTO Student (StudentID, OrderOfReceive, CertificateOrder, Firstname, Surname, NamePronunciation, CertificateID, Notes) VALUES (48, 98, 63, 'Leonard', 'Hayden', 'property', 32, 'Poor project hand black lot imagine. Require explain them will girl.
Particularly response message. Court third movement job policy class make. Into really able would nation only.');
INSERT INTO Student (StudentID, OrderOfReceive, CertificateOrder, Firstname, Surname, NamePronunciation, CertificateID, Notes) VALUES (49, 69, 50, 'Nancy', 'Brown', 'choose', 81, 'Parent development play individual without society. Very another question approach by notice.
White four window far president continue. Impact really water couple hospital.');
INSERT INTO Student (StudentID, OrderOfReceive, CertificateOrder, Firstname, Surname, NamePronunciation, CertificateID, Notes) VALUES (50, 37, 83, 'David', 'Lynn', 'although', 87, 'Our college us for section society however. Whose season bar great large teacher. Community eye bed task position bank mother.');
INSERT INTO Student (StudentID, OrderOfReceive, CertificateOrder, Firstname, Surname, NamePronunciation, CertificateID, Notes) VALUES (51, 62, 52, 'Jenny', 'Carroll', 'north', 86, 'Seven capital attack sing perhaps. System indicate short these thought whom better occur. Enjoy knowledge far hit poor democratic personal its.');
INSERT INTO Student (StudentID, OrderOfReceive, CertificateOrder, Firstname, Surname, NamePronunciation, CertificateID, Notes) VALUES (52, 48, 15, 'Shane', 'Mayo', 'too', 96, 'Outside pay example impact evening traditional democratic. Option carry kid property call owner early.
Full their course table own movement avoid expect. East rate morning among see beat strong.');
INSERT INTO Student (StudentID, OrderOfReceive, CertificateOrder, Firstname, Surname, NamePronunciation, CertificateID, Notes) VALUES (53, 96, 71, 'Katherine', 'Lawrence', 'after', 10, 'Reality final crime away eye.
Section when security gas would hot rule. Situation painting road him.
Fact certainly whatever game. Hard five pretty citizen set avoid tend.');
INSERT INTO Student (StudentID, OrderOfReceive, CertificateOrder, Firstname, Surname, NamePronunciation, CertificateID, Notes) VALUES (54, 42, 19, 'Heidi', 'Baker', 'describe', 100, 'Organization along mother moment.
Majority article approach local drop. Cultural TV run appear. Collection send movement my. Section position sort our such seem story.');
INSERT INTO Student (StudentID, OrderOfReceive, CertificateOrder, Firstname, Surname, NamePronunciation, CertificateID, Notes) VALUES (55, 17, 78, 'Janet', 'Lowery', 'ten', 36, 'Theory success class describe doctor no election. Law week able want stock view. Financial magazine record major.');
INSERT INTO Student (StudentID, OrderOfReceive, CertificateOrder, Firstname, Surname, NamePronunciation, CertificateID, Notes) VALUES (56, 70, 66, 'Tasha', 'Bradley', 'fish', 62, 'Us film will discussion guy how year. Else building her blood green building election.
Role throw evidence move. Big early three class. Doctor attention clearly work effort.');
INSERT INTO Student (StudentID, OrderOfReceive, CertificateOrder, Firstname, Surname, NamePronunciation, CertificateID, Notes) VALUES (57, 34, 9, 'Jason', 'Campbell', 'adult', 88, 'Weight without would available. Today give can ability catch perhaps. Peace wonder order country discussion.
Consider team but front indeed attack author.');
INSERT INTO Student (StudentID, OrderOfReceive, CertificateOrder, Firstname, Surname, NamePronunciation, CertificateID, Notes) VALUES (58, 49, 98, 'Miguel', 'Pearson', 'between', 99, 'Sell mention billion enter exactly of without. Let cup wonder each system.
Like allow add popular. Husband give report reach western amount. Mrs list five.');
INSERT INTO Student (StudentID, OrderOfReceive, CertificateOrder, Firstname, Surname, NamePronunciation, CertificateID, Notes) VALUES (59, 52, 30, 'Kristin', 'Short', 'management', 40, 'Stage production accept. Sit before ahead large she. Eight answer mouth newspaper break ask officer.
Six during example effect almost. Three campaign soon war realize professor.');
INSERT INTO Student (StudentID, OrderOfReceive, CertificateOrder, Firstname, Surname, NamePronunciation, CertificateID, Notes) VALUES (60, 23, 10, 'Cesar', 'Gallagher', 'might', 25, 'Near choice site second his should something. Something usually wait nice ball.
Help evidence true manage group. Toward simple who rich new writer them.');
INSERT INTO Student (StudentID, OrderOfReceive, CertificateOrder, Firstname, Surname, NamePronunciation, CertificateID, Notes) VALUES (61, 94, 53, 'Michael', 'Taylor', 'history', 84, 'Win citizen right relate happen study population. Doctor red listen toward wind end. Upon purpose identify hard.
Buy still sister machine. Real research way.');
INSERT INTO Student (StudentID, OrderOfReceive, CertificateOrder, Firstname, Surname, NamePronunciation, CertificateID, Notes) VALUES (62, 29, 93, 'Tracy', 'Nash', 'if', 13, 'Job nor support different. Industry until car direction everybody computer. Sound cost could young expect various here.');
INSERT INTO Student (StudentID, OrderOfReceive, CertificateOrder, Firstname, Surname, NamePronunciation, CertificateID, Notes) VALUES (63, 71, 64, 'Clifford', 'Lewis', 'during', 99, 'Practice question fall laugh owner board.
Form behind interview value school news still type. Standard play painting arrive air if commercial.');
INSERT INTO Student (StudentID, OrderOfReceive, CertificateOrder, Firstname, Surname, NamePronunciation, CertificateID, Notes) VALUES (64, 87, 95, 'Robin', 'Walker', 'may', 61, 'Four activity quickly stay. About actually style left support. Face message allow pressure everyone only for save.
Impact fact ago century store. Seek laugh month still fine candidate. Those issue I.');
INSERT INTO Student (StudentID, OrderOfReceive, CertificateOrder, Firstname, Surname, NamePronunciation, CertificateID, Notes) VALUES (65, 63, 66, 'Marisa', 'Adams', 'least', 14, 'Article catch think sea month main. Model actually than by condition record also. Nearly walk finally growth better public line.');
INSERT INTO Student (StudentID, OrderOfReceive, CertificateOrder, Firstname, Surname, NamePronunciation, CertificateID, Notes) VALUES (66, 46, 41, 'Tina', 'Vasquez', 'direction', 64, 'City long special tend change in address. There source likely machine in. Type whole meeting account believe. Room fear high trouble gun project community.
Service upon least military argue tell.');
INSERT INTO Student (StudentID, OrderOfReceive, CertificateOrder, Firstname, Surname, NamePronunciation, CertificateID, Notes) VALUES (67, 15, 12, 'Kenneth', 'Gill', 'weight', 9, 'Benefit focus strong despite. Mrs behavior whose better build receive.
Job ability light former add pretty view. Enjoy national edge animal each. Must area play.');
INSERT INTO Student (StudentID, OrderOfReceive, CertificateOrder, Firstname, Surname, NamePronunciation, CertificateID, Notes) VALUES (68, 59, 56, 'Ashley', 'Schroeder', 'serious', 60, 'Ready tend pretty ask money hold. Be along travel.
Meet during truth price story forget hospital. Save these than decade begin. Technology good executive east.');
INSERT INTO Student (StudentID, OrderOfReceive, CertificateOrder, Firstname, Surname, NamePronunciation, CertificateID, Notes) VALUES (69, 27, 57, 'Jennifer', 'Sanchez', 'off', 97, 'Significant along speech behind television report popular. West break year board deal factor. Happen herself list leg north bag white.');
INSERT INTO Student (StudentID, OrderOfReceive, CertificateOrder, Firstname, Surname, NamePronunciation, CertificateID, Notes) VALUES (70, 45, 99, 'Jeffery', 'Jackson', 'music', 67, 'Stage star space church job sort. Ever admit against police mission. Mention skin teach talk knowledge drive.');
INSERT INTO Student (StudentID, OrderOfReceive, CertificateOrder, Firstname, Surname, NamePronunciation, CertificateID, Notes) VALUES (71, 32, 94, 'Ashley', 'Rivera', 'these', 95, 'Sea walk anything response staff feel. Late song picture box drug front future.');
INSERT INTO Student (StudentID, OrderOfReceive, CertificateOrder, Firstname, Surname, NamePronunciation, CertificateID, Notes) VALUES (72, 47, 98, 'Deborah', 'Jones', 'treat', 13, 'Half could study administration. Democratic system cup financial view beautiful Mrs out.');
INSERT INTO Student (StudentID, OrderOfReceive, CertificateOrder, Firstname, Surname, NamePronunciation, CertificateID, Notes) VALUES (73, 67, 52, 'Megan', 'Burns', 'method', 53, 'Especially nation chair alone administration. Number be cup role economic class student. Many a everybody find hair rock.');
INSERT INTO Student (StudentID, OrderOfReceive, CertificateOrder, Firstname, Surname, NamePronunciation, CertificateID, Notes) VALUES (74, 78, 91, 'Michele', 'Kirby', 'learn', 8, 'Begin PM people call guy value poor. Exist ask seat news morning mind need difficult. Cut consider tough agency there cause.
Media never bag. Doctor need skin serve car.');
INSERT INTO Student (StudentID, OrderOfReceive, CertificateOrder, Firstname, Surname, NamePronunciation, CertificateID, Notes) VALUES (75, 3, 76, 'Margaret', 'Kelly', 'night', 28, 'Answer nice catch fight. Someone laugh event marriage yard.
Event career modern of. Minute several interview customer. Pull always hard state huge.
Weight onto million little occur course war.');
INSERT INTO Student (StudentID, OrderOfReceive, CertificateOrder, Firstname, Surname, NamePronunciation, CertificateID, Notes) VALUES (76, 86, 62, 'Jonathan', 'Torres', 'set', 30, 'Kid statement direction. Kind dark include respond. Vote bar ask watch.
Ability agreement exactly leader. Evidence ok radio experience blue people. Different about network next training focus.');
INSERT INTO Student (StudentID, OrderOfReceive, CertificateOrder, Firstname, Surname, NamePronunciation, CertificateID, Notes) VALUES (77, 58, 18, 'Erin', 'Vazquez', 'role', 9, 'Produce teacher finally some such. Officer school network phone attorney two yet character. Next worker forward skill. Bit oil campaign.
Theory third husband it choose outside close.');
INSERT INTO Student (StudentID, OrderOfReceive, CertificateOrder, Firstname, Surname, NamePronunciation, CertificateID, Notes) VALUES (78, 35, 30, 'Jose', 'Brady', 'special', 58, 'Indeed perform around today material account clear. Sign rich painting.
Person actually discussion very. Forget this dinner feel.');
INSERT INTO Student (StudentID, OrderOfReceive, CertificateOrder, Firstname, Surname, NamePronunciation, CertificateID, Notes) VALUES (79, 75, 18, 'Ivan', 'Ortiz', 'focus', 73, 'Believe hit you have. Perform energy name matter.
Down senior nature situation writer.
Author month population city tell. Imagine away fall political. Miss quickly race federal character admit.');
INSERT INTO Student (StudentID, OrderOfReceive, CertificateOrder, Firstname, Surname, NamePronunciation, CertificateID, Notes) VALUES (80, 89, 31, 'Robert', 'Lopez', 'almost', 6, 'They stay could. Forget threat trouble black whether walk. A nation will cold.
Agree finish middle however here. Police seat rest nearly purpose goal newspaper.');
INSERT INTO Student (StudentID, OrderOfReceive, CertificateOrder, Firstname, Surname, NamePronunciation, CertificateID, Notes) VALUES (81, 77, 84, 'Shawn', 'Bridges', 'me', 34, 'Soldier common write bag set. Goal point thought democratic simply.');
INSERT INTO Student (StudentID, OrderOfReceive, CertificateOrder, Firstname, Surname, NamePronunciation, CertificateID, Notes) VALUES (82, 1, 60, 'John', 'Mullen', 'performance', 93, 'Policy morning forward outside. About south lead tax first rather teach.');
INSERT INTO Student (StudentID, OrderOfReceive, CertificateOrder, Firstname, Surname, NamePronunciation, CertificateID, Notes) VALUES (83, 28, 20, 'Jane', 'Hood', 'everybody', 39, 'His design whatever even over little. With likely each customer through tree growth reality. Material amount want force population.');
INSERT INTO Student (StudentID, OrderOfReceive, CertificateOrder, Firstname, Surname, NamePronunciation, CertificateID, Notes) VALUES (84, 14, 69, 'Donald', 'Gilbert', 'against', 88, 'Couple group affect process.
Remember allow theory west from later. Wonder more decision must realize. Ago despite compare.
Beautiful first strategy style however.');
INSERT INTO Student (StudentID, OrderOfReceive, CertificateOrder, Firstname, Surname, NamePronunciation, CertificateID, Notes) VALUES (85, 84, 23, 'Susan', 'Kelly', 'his', 91, 'Create begin film score skill only point. Account choose economy action think keep.');
INSERT INTO Student (StudentID, OrderOfReceive, CertificateOrder, Firstname, Surname, NamePronunciation, CertificateID, Notes) VALUES (86, 26, 100, 'Teresa', 'Swanson', 'book', 60, 'Arrive her film. Describe road bar. Role myself source arm hear successful.
Cold street claim recent hope. Responsibility together whatever.
News figure unit oil seem senior. Arrive prepare whole go.');
INSERT INTO Student (StudentID, OrderOfReceive, CertificateOrder, Firstname, Surname, NamePronunciation, CertificateID, Notes) VALUES (87, 53, 55, 'Andre', 'Jimenez', 'add', 73, 'Her wrong around mention watch cold. Cup indeed window people focus Republican leg.');
INSERT INTO Student (StudentID, OrderOfReceive, CertificateOrder, Firstname, Surname, NamePronunciation, CertificateID, Notes) VALUES (88, 19, 4, 'Donald', 'Blanchard', 'station', 29, 'After less on my. Perhaps effect we tax. Sense leave reflect how worry alone.
Room research home rock. Old agent maintain south teacher. Audience particularly discover past.');
INSERT INTO Student (StudentID, OrderOfReceive, CertificateOrder, Firstname, Surname, NamePronunciation, CertificateID, Notes) VALUES (89, 79, 71, 'Henry', 'Douglas', 'third', 20, 'According reason our already. Late beat new board two water. Big spend not despite this hospital interest travel.');
INSERT INTO Student (StudentID, OrderOfReceive, CertificateOrder, Firstname, Surname, NamePronunciation, CertificateID, Notes) VALUES (90, 90, 99, 'Bryan', 'Jones', 'themselves', 34, 'Attorney often reality as bill goal war. Respond good quickly type must report air.
Book share space capital blood onto serious. Evening face base strong along foot.');
INSERT INTO Student (StudentID, OrderOfReceive, CertificateOrder, Firstname, Surname, NamePronunciation, CertificateID, Notes) VALUES (91, 20, 86, 'Jacob', 'Yang', 'heart', 39, 'Republican knowledge current us month form. Inside enter language foot why.
On start picture discover like. Form clearly I. Community particular fire capital before.
Able operation field car when.');
INSERT INTO Student (StudentID, OrderOfReceive, CertificateOrder, Firstname, Surname, NamePronunciation, CertificateID, Notes) VALUES (92, 100, 28, 'Bryan', 'Daniels', 'adult', 39, 'Market usually wear concern whom relationship else.
Sell notice politics part black name. Whose box create authority. Yeah movie trial yes situation year possible detail.');
INSERT INTO Student (StudentID, OrderOfReceive, CertificateOrder, Firstname, Surname, NamePronunciation, CertificateID, Notes) VALUES (93, 18, 32, 'Jeremy', 'Campbell', 'lead', 45, 'Doctor occur care hand fear trip explain law. Who chance them. Similar brother high. Approach then wrong music class dark.');
INSERT INTO Student (StudentID, OrderOfReceive, CertificateOrder, Firstname, Surname, NamePronunciation, CertificateID, Notes) VALUES (94, 9, 4, 'Rachel', 'Ford', 'hospital', 13, 'Scientist exist produce defense. As report effect election our fund. Family debate best fact movie fear.');
INSERT INTO Student (StudentID, OrderOfReceive, CertificateOrder, Firstname, Surname, NamePronunciation, CertificateID, Notes) VALUES (95, 85, 12, 'Samantha', 'Carrillo', 'my', 33, 'Trade billion data image. President including begin treat involve college join.');
INSERT INTO Student (StudentID, OrderOfReceive, CertificateOrder, Firstname, Surname, NamePronunciation, CertificateID, Notes) VALUES (96, 91, 87, 'Derek', 'Lee', 'left', 61, 'Might note memory professional leader room former more. Can indicate offer room TV. Billion prepare agree skin trouble. Herself very candidate threat by knowledge serve nice.');
INSERT INTO Student (StudentID, OrderOfReceive, CertificateOrder, Firstname, Surname, NamePronunciation, CertificateID, Notes) VALUES (97, 36, 93, 'Renee', 'Harrell', 'final', 34, 'Authority choose represent. Even would performance buy will marriage.
Head vote east and say PM. Do recently necessary.');
INSERT INTO Student (StudentID, OrderOfReceive, CertificateOrder, Firstname, Surname, NamePronunciation, CertificateID, Notes) VALUES (98, 6, 6, 'Melinda', 'Gray', 'relate', 67, 'Letter nice he require officer site phone describe. Them station second health also perhaps area.
Case explain direction hard.');
INSERT INTO Student (StudentID, OrderOfReceive, CertificateOrder, Firstname, Surname, NamePronunciation, CertificateID, Notes) VALUES (99, 83, 88, 'Dennis', 'Garner', 'indeed', 14, 'Early star computer consider public best. View memory because civil.
Great charge money indeed type. Individual have show various hour try. Actually thing page add.');
INSERT INTO Student (StudentID, OrderOfReceive, CertificateOrder, Firstname, Surname, NamePronunciation, CertificateID, Notes) VALUES (100, 57, 1, 'Kevin', 'Moon', 'very', 63, 'Attorney he address mention. Personal ten prepare general them than radio.
Area such head word son soldier. Ability however person this use great. You southern picture receive.');