use ciecapstone2023db;

INSERT INTO Announcer (AnnouncerID, AnnouncerName, AnnouncerPos, SessionOfAnnounce, ReceivingOrder) VALUES (1, 'Joseph Jacobs', 'Location manager', '2007-09-05', 2);
INSERT INTO Announcer (AnnouncerID, AnnouncerName, AnnouncerPos, SessionOfAnnounce, ReceivingOrder) VALUES (2, 'Courtney Johnson', 'Administrator, sports', '1997-04-28', 1);
INSERT INTO Announcer (AnnouncerID, AnnouncerName, AnnouncerPos, SessionOfAnnounce, ReceivingOrder) VALUES (3, 'Mckenzie Andrade', 'Television production assistant', '2005-06-26', 3);
INSERT INTO Announcer (AnnouncerID, AnnouncerName, AnnouncerPos, SessionOfAnnounce, ReceivingOrder) VALUES (4, 'Eric Murphy', 'Optometrist', '2008-04-09', 8);
INSERT INTO Announcer (AnnouncerID, AnnouncerName, AnnouncerPos, SessionOfAnnounce, ReceivingOrder) VALUES (5, 'Raven Manning', 'Health service manager', '2023-11-07', 5);
INSERT INTO Announcer (AnnouncerID, AnnouncerName, AnnouncerPos, SessionOfAnnounce, ReceivingOrder) VALUES (6, 'Anthony Jackson', 'Sales professional, IT', '2007-02-25', 4);
INSERT INTO Announcer (AnnouncerID, AnnouncerName, AnnouncerPos, SessionOfAnnounce, ReceivingOrder) VALUES (7, 'Jeffrey Welch', 'Senior tax professional/tax inspector', '1997-09-03', 7);
INSERT INTO Announcer (AnnouncerID, AnnouncerName, AnnouncerPos, SessionOfAnnounce, ReceivingOrder) VALUES (8, 'Monique Hill', 'Chief of Staff', '1986-09-10', 1);
INSERT INTO Announcer (AnnouncerID, AnnouncerName, AnnouncerPos, SessionOfAnnounce, ReceivingOrder) VALUES (9, 'Virginia Jones DDS', 'Teacher, music', '1997-08-05', 3);
INSERT INTO Announcer (AnnouncerID, AnnouncerName, AnnouncerPos, SessionOfAnnounce, ReceivingOrder) VALUES (10, 'Catherine Thompson', 'Retail merchandiser', '2012-07-26', 2);
INSERT INTO Announcer (AnnouncerID, AnnouncerName, AnnouncerPos, SessionOfAnnounce, ReceivingOrder) VALUES (11, 'Benjamin Lopez', 'Editor, film/video', '2010-07-21', 7);
INSERT INTO Announcer (AnnouncerID, AnnouncerName, AnnouncerPos, SessionOfAnnounce, ReceivingOrder) VALUES (12, 'Brandi Stevenson', 'Engineer, aeronautical', '1984-04-28', 8);
INSERT INTO Announcer (AnnouncerID, AnnouncerName, AnnouncerPos, SessionOfAnnounce, ReceivingOrder) VALUES (13, 'Tim Moore', 'Physicist, medical', '1993-12-10', 2);
INSERT INTO Announcer (AnnouncerID, AnnouncerName, AnnouncerPos, SessionOfAnnounce, ReceivingOrder) VALUES (14, 'Jessica Myers', 'Ranger/warden', '1978-11-15', 7);
INSERT INTO Announcer (AnnouncerID, AnnouncerName, AnnouncerPos, SessionOfAnnounce, ReceivingOrder) VALUES (15, 'Cynthia Fisher', 'Geoscientist', '2019-11-17', 2);
INSERT INTO Announcer (AnnouncerID, AnnouncerName, AnnouncerPos, SessionOfAnnounce, ReceivingOrder) VALUES (16, 'Dennis Soto', 'Scientific laboratory technician', '2018-10-28', 2);
INSERT INTO Announcer (AnnouncerID, AnnouncerName, AnnouncerPos, SessionOfAnnounce, ReceivingOrder) VALUES (17, 'Elizabeth Anderson', 'Research officer, government', '2021-10-25', 5);
INSERT INTO Announcer (AnnouncerID, AnnouncerName, AnnouncerPos, SessionOfAnnounce, ReceivingOrder) VALUES (18, 'Dr. Elizabeth Moreno', 'Copy', '2011-06-18', 9);
INSERT INTO Announcer (AnnouncerID, AnnouncerName, AnnouncerPos, SessionOfAnnounce, ReceivingOrder) VALUES (19, 'Lauren Garcia', 'Pensions consultant', '1990-03-12', 7);
INSERT INTO Announcer (AnnouncerID, AnnouncerName, AnnouncerPos, SessionOfAnnounce, ReceivingOrder) VALUES (20, 'Anthony Hood', 'Scientist, marine', '2020-07-18', 7);
INSERT INTO Announcer (AnnouncerID, AnnouncerName, AnnouncerPos, SessionOfAnnounce, ReceivingOrder) VALUES (21, 'Caitlin Johnson', 'Toxicologist', '1978-06-20', 2);
INSERT INTO Announcer (AnnouncerID, AnnouncerName, AnnouncerPos, SessionOfAnnounce, ReceivingOrder) VALUES (22, 'Patrick White', 'Interpreter', '2000-11-26', 9);
INSERT INTO Announcer (AnnouncerID, AnnouncerName, AnnouncerPos, SessionOfAnnounce, ReceivingOrder) VALUES (23, 'Whitney Thomas', 'Office manager', '1999-05-12', 5);
INSERT INTO Announcer (AnnouncerID, AnnouncerName, AnnouncerPos, SessionOfAnnounce, ReceivingOrder) VALUES (24, 'Lori Jones', 'Tax inspector', '1979-08-04', 2);
INSERT INTO Announcer (AnnouncerID, AnnouncerName, AnnouncerPos, SessionOfAnnounce, ReceivingOrder) VALUES (25, 'Daniel Brock', 'Leisure centre manager', '1998-02-07', 5);
INSERT INTO Announcer (AnnouncerID, AnnouncerName, AnnouncerPos, SessionOfAnnounce, ReceivingOrder) VALUES (26, 'Brett Salazar', 'Sport and exercise psychologist', '1976-04-24', 8);
INSERT INTO Announcer (AnnouncerID, AnnouncerName, AnnouncerPos, SessionOfAnnounce, ReceivingOrder) VALUES (27, 'Sara Rich', 'Speech and language therapist', '2017-12-03', 8);
INSERT INTO Announcer (AnnouncerID, AnnouncerName, AnnouncerPos, SessionOfAnnounce, ReceivingOrder) VALUES (28, 'Brittany Olson', 'Scientist, research (life sciences)', '2016-04-01', 6);
INSERT INTO Announcer (AnnouncerID, AnnouncerName, AnnouncerPos, SessionOfAnnounce, ReceivingOrder) VALUES (29, 'Courtney Henderson', 'Embryologist, clinical', '1991-04-09', 8);
INSERT INTO Announcer (AnnouncerID, AnnouncerName, AnnouncerPos, SessionOfAnnounce, ReceivingOrder) VALUES (30, 'Jonathan Stone', 'Pensions consultant', '2005-05-22', 8);
INSERT INTO Announcer (AnnouncerID, AnnouncerName, AnnouncerPos, SessionOfAnnounce, ReceivingOrder) VALUES (31, 'Mary Maynard', 'Engineer, communications', '1976-04-06', 2);
INSERT INTO Announcer (AnnouncerID, AnnouncerName, AnnouncerPos, SessionOfAnnounce, ReceivingOrder) VALUES (32, 'Ryan Johnson', 'Radiation protection practitioner', '1990-11-18', 6);
INSERT INTO Announcer (AnnouncerID, AnnouncerName, AnnouncerPos, SessionOfAnnounce, ReceivingOrder) VALUES (33, 'Karen Aguilar', 'Community arts worker', '2002-09-30', 3);
INSERT INTO Announcer (AnnouncerID, AnnouncerName, AnnouncerPos, SessionOfAnnounce, ReceivingOrder) VALUES (34, 'Anna Harris', 'Company secretary', '1980-09-09', 8);
INSERT INTO Announcer (AnnouncerID, AnnouncerName, AnnouncerPos, SessionOfAnnounce, ReceivingOrder) VALUES (35, 'Joshua Burgess', 'Maintenance engineer', '2014-09-19', 3);
INSERT INTO Announcer (AnnouncerID, AnnouncerName, AnnouncerPos, SessionOfAnnounce, ReceivingOrder) VALUES (36, 'Jasmine Knight', 'Set designer', '2012-05-28', 9);
INSERT INTO Announcer (AnnouncerID, AnnouncerName, AnnouncerPos, SessionOfAnnounce, ReceivingOrder) VALUES (37, 'Rebecca Brooks', 'Chief of Staff', '1971-06-05', 1);
INSERT INTO Announcer (AnnouncerID, AnnouncerName, AnnouncerPos, SessionOfAnnounce, ReceivingOrder) VALUES (38, 'Joel Lambert', 'Hydrographic surveyor', '2016-11-10', 4);
INSERT INTO Announcer (AnnouncerID, AnnouncerName, AnnouncerPos, SessionOfAnnounce, ReceivingOrder) VALUES (39, 'Preston Maldonado', 'Restaurant manager, fast food', '2005-10-15', 4);
INSERT INTO Announcer (AnnouncerID, AnnouncerName, AnnouncerPos, SessionOfAnnounce, ReceivingOrder) VALUES (40, 'Jennifer Williams', 'Multimedia programmer', '1990-08-08', 9);
INSERT INTO Announcer (AnnouncerID, AnnouncerName, AnnouncerPos, SessionOfAnnounce, ReceivingOrder) VALUES (41, 'Robert Stone', 'Arboriculturist', '1972-09-10', 5);
INSERT INTO Announcer (AnnouncerID, AnnouncerName, AnnouncerPos, SessionOfAnnounce, ReceivingOrder) VALUES (42, 'Bethany Carter', 'Print production planner', '1998-12-28', 1);
INSERT INTO Announcer (AnnouncerID, AnnouncerName, AnnouncerPos, SessionOfAnnounce, ReceivingOrder) VALUES (43, 'Debbie Bender', 'Rural practice surveyor', '1984-01-03', 6);
INSERT INTO Announcer (AnnouncerID, AnnouncerName, AnnouncerPos, SessionOfAnnounce, ReceivingOrder) VALUES (44, 'Michelle Pearson', 'Health visitor', '2012-03-13', 9);
INSERT INTO Announcer (AnnouncerID, AnnouncerName, AnnouncerPos, SessionOfAnnounce, ReceivingOrder) VALUES (45, 'Kendra Howard', 'Manufacturing engineer', '1989-11-03', 2);
INSERT INTO Announcer (AnnouncerID, AnnouncerName, AnnouncerPos, SessionOfAnnounce, ReceivingOrder) VALUES (46, 'Rachel Morton', 'Retail buyer', '1994-01-09', 3);
INSERT INTO Announcer (AnnouncerID, AnnouncerName, AnnouncerPos, SessionOfAnnounce, ReceivingOrder) VALUES (47, 'Michelle Ballard', 'Office manager', '2021-10-24', 4);
INSERT INTO Announcer (AnnouncerID, AnnouncerName, AnnouncerPos, SessionOfAnnounce, ReceivingOrder) VALUES (48, 'Kimberly Powell', 'Building control surveyor', '1993-11-21', 4);
INSERT INTO Announcer (AnnouncerID, AnnouncerName, AnnouncerPos, SessionOfAnnounce, ReceivingOrder) VALUES (49, 'Meghan Donovan', 'Designer, exhibition/display', '2005-08-10', 5);
INSERT INTO Announcer (AnnouncerID, AnnouncerName, AnnouncerPos, SessionOfAnnounce, ReceivingOrder) VALUES (50, 'Edwin Wilson', 'Soil scientist', '2019-12-08', 7);
INSERT INTO Announcer (AnnouncerID, AnnouncerName, AnnouncerPos, SessionOfAnnounce, ReceivingOrder) VALUES (51, 'Paul Lee', 'Buyer, industrial', '1980-01-17', 5);
INSERT INTO Announcer (AnnouncerID, AnnouncerName, AnnouncerPos, SessionOfAnnounce, ReceivingOrder) VALUES (52, 'Maria Price', 'Medical technical officer', '1975-11-07', 6);
INSERT INTO Announcer (AnnouncerID, AnnouncerName, AnnouncerPos, SessionOfAnnounce, ReceivingOrder) VALUES (53, 'Jason Anthony', 'Animal technologist', '1977-06-28', 8);
INSERT INTO Announcer (AnnouncerID, AnnouncerName, AnnouncerPos, SessionOfAnnounce, ReceivingOrder) VALUES (54, 'Alyssa Taylor', 'Product designer', '2013-12-19', 1);
INSERT INTO Announcer (AnnouncerID, AnnouncerName, AnnouncerPos, SessionOfAnnounce, ReceivingOrder) VALUES (55, 'Jenna Johnson', 'Bonds trader', '1984-11-18', 7);
INSERT INTO Announcer (AnnouncerID, AnnouncerName, AnnouncerPos, SessionOfAnnounce, ReceivingOrder) VALUES (56, 'Jacob Nash', 'Land/geomatics surveyor', '2000-10-27', 2);
INSERT INTO Announcer (AnnouncerID, AnnouncerName, AnnouncerPos, SessionOfAnnounce, ReceivingOrder) VALUES (57, 'Nicole Thompson', 'Nurse, children\'s', '2004-01-19', 3);
INSERT INTO Announcer (AnnouncerID, AnnouncerName, AnnouncerPos, SessionOfAnnounce, ReceivingOrder) VALUES (58, 'Mary Brown', 'Ecologist', '1971-09-14', 4);
INSERT INTO Announcer (AnnouncerID, AnnouncerName, AnnouncerPos, SessionOfAnnounce, ReceivingOrder) VALUES (59, 'Alexandria Reese', 'Clinical research associate', '2003-03-22', 4);
INSERT INTO Announcer (AnnouncerID, AnnouncerName, AnnouncerPos, SessionOfAnnounce, ReceivingOrder) VALUES (60, 'Shelby Moore', 'Aeronautical engineer', '2003-04-25', 5);
INSERT INTO Announcer (AnnouncerID, AnnouncerName, AnnouncerPos, SessionOfAnnounce, ReceivingOrder) VALUES (61, 'Todd Luna', 'Teacher, English as a foreign language', '1977-09-16', 8);
INSERT INTO Announcer (AnnouncerID, AnnouncerName, AnnouncerPos, SessionOfAnnounce, ReceivingOrder) VALUES (62, 'Casey Nelson', 'Engineer, manufacturing', '2016-05-14', 2);
INSERT INTO Announcer (AnnouncerID, AnnouncerName, AnnouncerPos, SessionOfAnnounce, ReceivingOrder) VALUES (63, 'Victor Barron', 'Product/process development scientist', '2019-11-08', 4);
INSERT INTO Announcer (AnnouncerID, AnnouncerName, AnnouncerPos, SessionOfAnnounce, ReceivingOrder) VALUES (64, 'Nicholas Brown', 'Printmaker', '2015-10-17', 2);
INSERT INTO Announcer (AnnouncerID, AnnouncerName, AnnouncerPos, SessionOfAnnounce, ReceivingOrder) VALUES (65, 'Anthony Nixon', 'Research scientist (medical)', '2002-04-14', 9);
INSERT INTO Announcer (AnnouncerID, AnnouncerName, AnnouncerPos, SessionOfAnnounce, ReceivingOrder) VALUES (66, 'Sandra Crawford', 'Town planner', '2021-08-15', 8);
INSERT INTO Announcer (AnnouncerID, AnnouncerName, AnnouncerPos, SessionOfAnnounce, ReceivingOrder) VALUES (67, 'Justin Simpson', 'Higher education lecturer', '1995-08-10', 7);
INSERT INTO Announcer (AnnouncerID, AnnouncerName, AnnouncerPos, SessionOfAnnounce, ReceivingOrder) VALUES (68, 'April Wilson', 'Chartered accountant', '2020-01-13', 8);
INSERT INTO Announcer (AnnouncerID, AnnouncerName, AnnouncerPos, SessionOfAnnounce, ReceivingOrder) VALUES (69, 'Brandon Nichols', 'Print production planner', '1983-12-14', 2);
INSERT INTO Announcer (AnnouncerID, AnnouncerName, AnnouncerPos, SessionOfAnnounce, ReceivingOrder) VALUES (70, 'Thomas Martin', 'Armed forces logistics/support/administrative officer', '1972-03-11', 8);
INSERT INTO Announcer (AnnouncerID, AnnouncerName, AnnouncerPos, SessionOfAnnounce, ReceivingOrder) VALUES (71, 'Jason Meyer', 'Therapist, occupational', '2009-04-15', 6);
INSERT INTO Announcer (AnnouncerID, AnnouncerName, AnnouncerPos, SessionOfAnnounce, ReceivingOrder) VALUES (72, 'Teresa Martin', 'Engineer, drilling', '2001-12-31', 5);
INSERT INTO Announcer (AnnouncerID, AnnouncerName, AnnouncerPos, SessionOfAnnounce, ReceivingOrder) VALUES (73, 'Jacqueline Ochoa', 'Waste management officer', '1983-11-27', 4);
INSERT INTO Announcer (AnnouncerID, AnnouncerName, AnnouncerPos, SessionOfAnnounce, ReceivingOrder) VALUES (74, 'Robert Reed', 'Further education lecturer', '1989-12-30', 8);
INSERT INTO Announcer (AnnouncerID, AnnouncerName, AnnouncerPos, SessionOfAnnounce, ReceivingOrder) VALUES (75, 'Edward Roberts', 'Designer, exhibition/display', '2016-12-10', 9);
INSERT INTO Announcer (AnnouncerID, AnnouncerName, AnnouncerPos, SessionOfAnnounce, ReceivingOrder) VALUES (76, 'Jeremiah Perry', 'Education officer, environmental', '2017-05-24', 8);
INSERT INTO Announcer (AnnouncerID, AnnouncerName, AnnouncerPos, SessionOfAnnounce, ReceivingOrder) VALUES (77, 'Daniel Young', 'Presenter, broadcasting', '1972-01-18', 5);
INSERT INTO Announcer (AnnouncerID, AnnouncerName, AnnouncerPos, SessionOfAnnounce, ReceivingOrder) VALUES (78, 'James Knight', 'Civil engineer, consulting', '1971-07-15', 4);
INSERT INTO Announcer (AnnouncerID, AnnouncerName, AnnouncerPos, SessionOfAnnounce, ReceivingOrder) VALUES (79, 'Michelle Smith', 'Research officer, government', '1975-01-29', 5);
INSERT INTO Announcer (AnnouncerID, AnnouncerName, AnnouncerPos, SessionOfAnnounce, ReceivingOrder) VALUES (80, 'Erik Simmons', 'Psychologist, sport and exercise', '2017-05-03', 5);
INSERT INTO Announcer (AnnouncerID, AnnouncerName, AnnouncerPos, SessionOfAnnounce, ReceivingOrder) VALUES (81, 'Tiffany Harris DVM', 'Archaeologist', '1998-09-05', 8);
INSERT INTO Announcer (AnnouncerID, AnnouncerName, AnnouncerPos, SessionOfAnnounce, ReceivingOrder) VALUES (82, 'Erica Adams', 'Surveyor, building', '1984-03-20', 9);
INSERT INTO Announcer (AnnouncerID, AnnouncerName, AnnouncerPos, SessionOfAnnounce, ReceivingOrder) VALUES (83, 'Margaret Powell', 'Operational investment banker', '2019-04-27', 9);
INSERT INTO Announcer (AnnouncerID, AnnouncerName, AnnouncerPos, SessionOfAnnounce, ReceivingOrder) VALUES (84, 'Connor Cooper', 'Teacher, music', '2011-01-12', 4);
INSERT INTO Announcer (AnnouncerID, AnnouncerName, AnnouncerPos, SessionOfAnnounce, ReceivingOrder) VALUES (85, 'Bruce Diaz', 'Risk analyst', '1977-08-13', 1);
INSERT INTO Announcer (AnnouncerID, AnnouncerName, AnnouncerPos, SessionOfAnnounce, ReceivingOrder) VALUES (86, 'Richard Mays', 'Secretary, company', '2016-06-10', 2);
INSERT INTO Announcer (AnnouncerID, AnnouncerName, AnnouncerPos, SessionOfAnnounce, ReceivingOrder) VALUES (87, 'Amanda Perkins', 'Medical physicist', '2013-04-24', 4);
INSERT INTO Announcer (AnnouncerID, AnnouncerName, AnnouncerPos, SessionOfAnnounce, ReceivingOrder) VALUES (88, 'Daniel Rice', 'Engineer, technical sales', '1993-09-18', 9);
INSERT INTO Announcer (AnnouncerID, AnnouncerName, AnnouncerPos, SessionOfAnnounce, ReceivingOrder) VALUES (89, 'Shannon Gibbs', 'Race relations officer', '2018-12-30', 5);
INSERT INTO Announcer (AnnouncerID, AnnouncerName, AnnouncerPos, SessionOfAnnounce, ReceivingOrder) VALUES (90, 'Katherine Lopez', 'Paramedic', '1999-10-06', 1);
INSERT INTO Announcer (AnnouncerID, AnnouncerName, AnnouncerPos, SessionOfAnnounce, ReceivingOrder) VALUES (91, 'Derrick Carter', 'Chartered public finance accountant', '1970-05-19', 4);
INSERT INTO Announcer (AnnouncerID, AnnouncerName, AnnouncerPos, SessionOfAnnounce, ReceivingOrder) VALUES (92, 'Johnathan Robertson', 'Counsellor', '2007-03-30', 2);
INSERT INTO Announcer (AnnouncerID, AnnouncerName, AnnouncerPos, SessionOfAnnounce, ReceivingOrder) VALUES (93, 'Kristen Armstrong', 'Museum/gallery exhibitions officer', '1994-06-15', 9);
INSERT INTO Announcer (AnnouncerID, AnnouncerName, AnnouncerPos, SessionOfAnnounce, ReceivingOrder) VALUES (94, 'Kevin Moore', 'Adult nurse', '2016-07-19', 7);
INSERT INTO Announcer (AnnouncerID, AnnouncerName, AnnouncerPos, SessionOfAnnounce, ReceivingOrder) VALUES (95, 'Shawn Dunn', 'Optician, dispensing', '1991-11-18', 2);
INSERT INTO Announcer (AnnouncerID, AnnouncerName, AnnouncerPos, SessionOfAnnounce, ReceivingOrder) VALUES (96, 'Kylie Stanley', 'Engineer, water', '2022-08-20', 9);
INSERT INTO Announcer (AnnouncerID, AnnouncerName, AnnouncerPos, SessionOfAnnounce, ReceivingOrder) VALUES (97, 'Michelle Pace', 'Physiological scientist', '1973-01-20', 9);
INSERT INTO Announcer (AnnouncerID, AnnouncerName, AnnouncerPos, SessionOfAnnounce, ReceivingOrder) VALUES (98, 'Brian Mitchell', 'Music tutor', '1985-07-04', 2);
INSERT INTO Announcer (AnnouncerID, AnnouncerName, AnnouncerPos, SessionOfAnnounce, ReceivingOrder) VALUES (99, 'Debbie Brown', 'Purchasing manager', '2003-06-17', 8);
INSERT INTO Announcer (AnnouncerID, AnnouncerName, AnnouncerPos, SessionOfAnnounce, ReceivingOrder) VALUES (100, 'Jessica Guzman', 'Engineer, civil (contracting)', '2022-06-09', 9);

INSERT INTO Certificate (CertificateID, Degree, Faculty, Major, Honor, AnnouncerID) VALUES (1, 'Master', 'Programmer, applications', 'cultivate viral metrics', 'Cum Laude', 99);
INSERT INTO Certificate (CertificateID, Degree, Faculty, Major, Honor, AnnouncerID) VALUES (2, 'Bachelor', 'Learning disability nurse', 'envisioneer scalable e-services', 'Cum Laude', 12);
INSERT INTO Certificate (CertificateID, Degree, Faculty, Major, Honor, AnnouncerID) VALUES (3, 'PhD', 'Dancer', 'architect web-enabled e-services', '', 6);
INSERT INTO Certificate (CertificateID, Degree, Faculty, Major, Honor, AnnouncerID) VALUES (4, 'Bachelor', 'Designer, interior/spatial', 'iterate clicks-and-mortar eyeballs', '', 94);
INSERT INTO Certificate (CertificateID, Degree, Faculty, Major, Honor, AnnouncerID) VALUES (5, 'PhD', 'Secretary/administrator', 'enable frictionless deliverables', 'Summa Cum Laude', 42);
INSERT INTO Certificate (CertificateID, Degree, Faculty, Major, Honor, AnnouncerID) VALUES (6, 'Master', 'Ceramics designer', 'disintermediate dot-com models', '', 10);
INSERT INTO Certificate (CertificateID, Degree, Faculty, Major, Honor, AnnouncerID) VALUES (7, 'Master', 'Ophthalmologist', 'strategize intuitive models', 'Cum Laude', 82);
INSERT INTO Certificate (CertificateID, Degree, Faculty, Major, Honor, AnnouncerID) VALUES (8, 'PhD', 'Land/geomatics surveyor', 'exploit transparent e-services', 'Summa Cum Laude', 100);
INSERT INTO Certificate (CertificateID, Degree, Faculty, Major, Honor, AnnouncerID) VALUES (9, 'PhD', 'Learning mentor', 'e-enable mission-critical synergies', '', 13);
INSERT INTO Certificate (CertificateID, Degree, Faculty, Major, Honor, AnnouncerID) VALUES (10, 'Master', 'Hydrographic surveyor', 'embrace cross-platform methodologies', '', 85);
INSERT INTO Certificate (CertificateID, Degree, Faculty, Major, Honor, AnnouncerID) VALUES (11, 'Bachelor', 'Wellsite geologist', 'envisioneer 24/365 paradigms', '', 36);
INSERT INTO Certificate (CertificateID, Degree, Faculty, Major, Honor, AnnouncerID) VALUES (12, 'Master', 'Applications developer', 'productize 24/7 e-tailers', 'Cum Laude', 79);
INSERT INTO Certificate (CertificateID, Degree, Faculty, Major, Honor, AnnouncerID) VALUES (13, 'PhD', 'Social researcher', 'expedite frictionless content', 'Magna Cum Laude', 63);
INSERT INTO Certificate (CertificateID, Degree, Faculty, Major, Honor, AnnouncerID) VALUES (14, 'PhD', 'Nurse, adult', 'enhance dynamic niches', 'Summa Cum Laude', 13);
INSERT INTO Certificate (CertificateID, Degree, Faculty, Major, Honor, AnnouncerID) VALUES (15, 'Bachelor', 'Engineer, electronics', 'envisioneer B2C networks', '', 60);
INSERT INTO Certificate (CertificateID, Degree, Faculty, Major, Honor, AnnouncerID) VALUES (16, 'Master', 'Oceanographer', 'implement killer info-mediaries', '', 11);
INSERT INTO Certificate (CertificateID, Degree, Faculty, Major, Honor, AnnouncerID) VALUES (17, 'Master', 'Scientist, water quality', 'maximize collaborative metrics', 'Magna Cum Laude', 44);
INSERT INTO Certificate (CertificateID, Degree, Faculty, Major, Honor, AnnouncerID) VALUES (18, 'Bachelor', 'Legal executive', 'expedite out-of-the-box mindshare', 'Magna Cum Laude', 92);
INSERT INTO Certificate (CertificateID, Degree, Faculty, Major, Honor, AnnouncerID) VALUES (19, 'PhD', 'Print production planner', 'exploit 24/365 synergies', 'Summa Cum Laude', 60);
INSERT INTO Certificate (CertificateID, Degree, Faculty, Major, Honor, AnnouncerID) VALUES (20, 'PhD', 'Accounting technician', 'exploit visionary technologies', '', 53);
INSERT INTO Certificate (CertificateID, Degree, Faculty, Major, Honor, AnnouncerID) VALUES (21, 'Bachelor', 'Translator', 'whiteboard rich users', 'Cum Laude', 88);
INSERT INTO Certificate (CertificateID, Degree, Faculty, Major, Honor, AnnouncerID) VALUES (22, 'Master', 'Toxicologist', 'transform proactive markets', 'Magna Cum Laude', 87);
INSERT INTO Certificate (CertificateID, Degree, Faculty, Major, Honor, AnnouncerID) VALUES (23, 'Bachelor', 'Teacher, primary school', 'extend magnetic channels', 'Magna Cum Laude', 5);
INSERT INTO Certificate (CertificateID, Degree, Faculty, Major, Honor, AnnouncerID) VALUES (24, 'PhD', 'Therapist, art', 'evolve front-end experiences', 'Magna Cum Laude', 17);
INSERT INTO Certificate (CertificateID, Degree, Faculty, Major, Honor, AnnouncerID) VALUES (25, 'PhD', 'Radio producer', 'synergize viral experiences', 'Cum Laude', 52);
INSERT INTO Certificate (CertificateID, Degree, Faculty, Major, Honor, AnnouncerID) VALUES (26, 'Master', 'Fast food restaurant manager', 'transition back-end bandwidth', '', 33);
INSERT INTO Certificate (CertificateID, Degree, Faculty, Major, Honor, AnnouncerID) VALUES (27, 'Bachelor', 'Consulting civil engineer', 'matrix e-business niches', 'Summa Cum Laude', 18);
INSERT INTO Certificate (CertificateID, Degree, Faculty, Major, Honor, AnnouncerID) VALUES (28, 'Master', 'Trading standards officer', 'incubate value-added systems', 'Cum Laude', 3);
INSERT INTO Certificate (CertificateID, Degree, Faculty, Major, Honor, AnnouncerID) VALUES (29, 'Master', 'Engineer, site', 'embrace 24/365 communities', 'Cum Laude', 63);
INSERT INTO Certificate (CertificateID, Degree, Faculty, Major, Honor, AnnouncerID) VALUES (30, 'PhD', 'Production assistant, television', 'architect killer users', 'Cum Laude', 12);
INSERT INTO Certificate (CertificateID, Degree, Faculty, Major, Honor, AnnouncerID) VALUES (31, 'Bachelor', 'Minerals surveyor', 'scale B2B experiences', '', 60);
INSERT INTO Certificate (CertificateID, Degree, Faculty, Major, Honor, AnnouncerID) VALUES (32, 'PhD', 'Exercise physiologist', 'envisioneer B2B ROI', 'Summa Cum Laude', 5);
INSERT INTO Certificate (CertificateID, Degree, Faculty, Major, Honor, AnnouncerID) VALUES (33, 'Bachelor', 'Scientist, research (maths)', 're-contextualize viral solutions', 'Magna Cum Laude', 47);
INSERT INTO Certificate (CertificateID, Degree, Faculty, Major, Honor, AnnouncerID) VALUES (34, 'Master', 'Logistics and distribution manager', 'synergize B2C vortals', '', 68);
INSERT INTO Certificate (CertificateID, Degree, Faculty, Major, Honor, AnnouncerID) VALUES (35, 'Bachelor', 'Multimedia specialist', 'transition plug-and-play paradigms', 'Cum Laude', 10);
INSERT INTO Certificate (CertificateID, Degree, Faculty, Major, Honor, AnnouncerID) VALUES (36, 'Master', 'Cytogeneticist', 'whiteboard intuitive metrics', 'Cum Laude', 22);
INSERT INTO Certificate (CertificateID, Degree, Faculty, Major, Honor, AnnouncerID) VALUES (37, 'Master', 'Mechanical engineer', 'reinvent global functionalities', 'Summa Cum Laude', 66);
INSERT INTO Certificate (CertificateID, Degree, Faculty, Major, Honor, AnnouncerID) VALUES (38, 'PhD', 'Ecologist', 'reinvent dot-com initiatives', 'Cum Laude', 60);
INSERT INTO Certificate (CertificateID, Degree, Faculty, Major, Honor, AnnouncerID) VALUES (39, 'PhD', 'Interior and spatial designer', 'seize scalable paradigms', 'Summa Cum Laude', 97);
INSERT INTO Certificate (CertificateID, Degree, Faculty, Major, Honor, AnnouncerID) VALUES (40, 'Master', 'Pathologist', 'disintermediate open-source interfaces', 'Summa Cum Laude', 64);
INSERT INTO Certificate (CertificateID, Degree, Faculty, Major, Honor, AnnouncerID) VALUES (41, 'PhD', 'Arts administrator', 'e-enable integrated models', 'Cum Laude', 23);
INSERT INTO Certificate (CertificateID, Degree, Faculty, Major, Honor, AnnouncerID) VALUES (42, 'Bachelor', 'Field seismologist', 'synergize 24/365 web-readiness', '', 64);
INSERT INTO Certificate (CertificateID, Degree, Faculty, Major, Honor, AnnouncerID) VALUES (43, 'Master', 'Science writer', 're-contextualize distributed e-commerce', 'Summa Cum Laude', 48);
INSERT INTO Certificate (CertificateID, Degree, Faculty, Major, Honor, AnnouncerID) VALUES (44, 'PhD', 'Personnel officer', 'envisioneer B2B partnerships', 'Magna Cum Laude', 38);
INSERT INTO Certificate (CertificateID, Degree, Faculty, Major, Honor, AnnouncerID) VALUES (45, 'PhD', 'Restaurant manager', 'enhance best-of-breed e-markets', 'Magna Cum Laude', 6);
INSERT INTO Certificate (CertificateID, Degree, Faculty, Major, Honor, AnnouncerID) VALUES (46, 'Bachelor', 'Retail manager', 'mesh cross-platform web services', 'Magna Cum Laude', 5);
INSERT INTO Certificate (CertificateID, Degree, Faculty, Major, Honor, AnnouncerID) VALUES (47, 'Bachelor', 'Therapist, horticultural', 'streamline synergistic technologies', 'Magna Cum Laude', 14);
INSERT INTO Certificate (CertificateID, Degree, Faculty, Major, Honor, AnnouncerID) VALUES (48, 'PhD', 'Scientist, product/process development', 'morph ubiquitous e-tailers', '', 45);
INSERT INTO Certificate (CertificateID, Degree, Faculty, Major, Honor, AnnouncerID) VALUES (49, 'Bachelor', 'Mechanical engineer', 'iterate 24/365 technologies', '', 64);
INSERT INTO Certificate (CertificateID, Degree, Faculty, Major, Honor, AnnouncerID) VALUES (50, 'Master', 'Transport planner', 'extend 24/7 solutions', 'Summa Cum Laude', 80);
INSERT INTO Certificate (CertificateID, Degree, Faculty, Major, Honor, AnnouncerID) VALUES (51, 'Bachelor', 'Newspaper journalist', 'mesh bricks-and-clicks portals', '', 90);
INSERT INTO Certificate (CertificateID, Degree, Faculty, Major, Honor, AnnouncerID) VALUES (52, 'Master', 'Psychologist, educational', 'incubate synergistic web-readiness', 'Magna Cum Laude', 24);
INSERT INTO Certificate (CertificateID, Degree, Faculty, Major, Honor, AnnouncerID) VALUES (53, 'Bachelor', 'Arboriculturist', 'monetize user-centric applications', '', 11);
INSERT INTO Certificate (CertificateID, Degree, Faculty, Major, Honor, AnnouncerID) VALUES (54, 'Bachelor', 'Metallurgist', 'utilize customized e-business', 'Summa Cum Laude', 16);
INSERT INTO Certificate (CertificateID, Degree, Faculty, Major, Honor, AnnouncerID) VALUES (55, 'Bachelor', 'Restaurant manager, fast food', 'target transparent paradigms', 'Summa Cum Laude', 31);
INSERT INTO Certificate (CertificateID, Degree, Faculty, Major, Honor, AnnouncerID) VALUES (56, 'Bachelor', 'Scientist, marine', 'incentivize 24/365 vortals', 'Cum Laude', 21);
INSERT INTO Certificate (CertificateID, Degree, Faculty, Major, Honor, AnnouncerID) VALUES (57, 'PhD', 'Research officer, political party', 'revolutionize one-to-one mindshare', 'Cum Laude', 48);
INSERT INTO Certificate (CertificateID, Degree, Faculty, Major, Honor, AnnouncerID) VALUES (58, 'Bachelor', 'Actor', 'target revolutionary applications', 'Cum Laude', 79);
INSERT INTO Certificate (CertificateID, Degree, Faculty, Major, Honor, AnnouncerID) VALUES (59, 'PhD', 'Furniture designer', 'revolutionize end-to-end communities', '', 17);
INSERT INTO Certificate (CertificateID, Degree, Faculty, Major, Honor, AnnouncerID) VALUES (60, 'Master', 'Sound technician, broadcasting/film/video', 'drive back-end markets', 'Magna Cum Laude', 9);
INSERT INTO Certificate (CertificateID, Degree, Faculty, Major, Honor, AnnouncerID) VALUES (61, 'PhD', 'Accommodation manager', 'maximize strategic functionalities', '', 52);
INSERT INTO Certificate (CertificateID, Degree, Faculty, Major, Honor, AnnouncerID) VALUES (62, 'PhD', 'Scientific laboratory technician', 'morph robust interfaces', 'Magna Cum Laude', 97);
INSERT INTO Certificate (CertificateID, Degree, Faculty, Major, Honor, AnnouncerID) VALUES (63, 'Master', 'Research officer, government', 'innovate back-end eyeballs', 'Magna Cum Laude', 28);
INSERT INTO Certificate (CertificateID, Degree, Faculty, Major, Honor, AnnouncerID) VALUES (64, 'Bachelor', 'Microbiologist', 'orchestrate global e-business', '', 54);
INSERT INTO Certificate (CertificateID, Degree, Faculty, Major, Honor, AnnouncerID) VALUES (65, 'Master', 'Tax inspector', 'synthesize world-class models', 'Magna Cum Laude', 17);
INSERT INTO Certificate (CertificateID, Degree, Faculty, Major, Honor, AnnouncerID) VALUES (66, 'PhD', 'Psychotherapist, dance movement', 'e-enable open-source e-markets', 'Cum Laude', 82);
INSERT INTO Certificate (CertificateID, Degree, Faculty, Major, Honor, AnnouncerID) VALUES (67, 'Master', 'Seismic interpreter', 'scale dot-com bandwidth', '', 24);
INSERT INTO Certificate (CertificateID, Degree, Faculty, Major, Honor, AnnouncerID) VALUES (68, 'PhD', 'Secondary school teacher', 'cultivate collaborative e-markets', 'Magna Cum Laude', 22);
INSERT INTO Certificate (CertificateID, Degree, Faculty, Major, Honor, AnnouncerID) VALUES (69, 'PhD', 'Outdoor activities/education manager', 'matrix compelling channels', 'Summa Cum Laude', 82);
INSERT INTO Certificate (CertificateID, Degree, Faculty, Major, Honor, AnnouncerID) VALUES (70, 'Bachelor', 'Forensic scientist', 'whiteboard scalable schemas', 'Summa Cum Laude', 16);
INSERT INTO Certificate (CertificateID, Degree, Faculty, Major, Honor, AnnouncerID) VALUES (71, 'PhD', 'Social research officer, government', 'generate killer paradigms', 'Cum Laude', 14);
INSERT INTO Certificate (CertificateID, Degree, Faculty, Major, Honor, AnnouncerID) VALUES (72, 'Master', 'Social research officer, government', 'target clicks-and-mortar markets', 'Magna Cum Laude', 1);
INSERT INTO Certificate (CertificateID, Degree, Faculty, Major, Honor, AnnouncerID) VALUES (73, 'Master', 'Market researcher', 'incentivize plug-and-play paradigms', '', 22);
INSERT INTO Certificate (CertificateID, Degree, Faculty, Major, Honor, AnnouncerID) VALUES (74, 'PhD', 'Emergency planning/management officer', 'enable granular applications', 'Summa Cum Laude', 1);
INSERT INTO Certificate (CertificateID, Degree, Faculty, Major, Honor, AnnouncerID) VALUES (75, 'PhD', 'Teacher, secondary school', 'cultivate open-source paradigms', 'Cum Laude', 25);
INSERT INTO Certificate (CertificateID, Degree, Faculty, Major, Honor, AnnouncerID) VALUES (76, 'Bachelor', 'Print production planner', 'synergize 24/7 mindshare', 'Cum Laude', 2);
INSERT INTO Certificate (CertificateID, Degree, Faculty, Major, Honor, AnnouncerID) VALUES (77, 'Master', 'Programmer, multimedia', 'redefine bricks-and-clicks synergies', '', 25);
INSERT INTO Certificate (CertificateID, Degree, Faculty, Major, Honor, AnnouncerID) VALUES (78, 'PhD', 'Herbalist', 'syndicate synergistic action-items', 'Summa Cum Laude', 65);
INSERT INTO Certificate (CertificateID, Degree, Faculty, Major, Honor, AnnouncerID) VALUES (79, 'Bachelor', 'Human resources officer', 'utilize cross-media synergies', '', 50);
INSERT INTO Certificate (CertificateID, Degree, Faculty, Major, Honor, AnnouncerID) VALUES (80, 'Master', 'Child psychotherapist', 'exploit enterprise experiences', 'Cum Laude', 6);
INSERT INTO Certificate (CertificateID, Degree, Faculty, Major, Honor, AnnouncerID) VALUES (81, 'Bachelor', 'Careers adviser', 'strategize leading-edge markets', 'Magna Cum Laude', 6);
INSERT INTO Certificate (CertificateID, Degree, Faculty, Major, Honor, AnnouncerID) VALUES (82, 'Bachelor', 'Furniture conservator/restorer', 'synergize synergistic communities', '', 31);
INSERT INTO Certificate (CertificateID, Degree, Faculty, Major, Honor, AnnouncerID) VALUES (83, 'PhD', 'Journalist, magazine', 'utilize granular web services', 'Summa Cum Laude', 79);
INSERT INTO Certificate (CertificateID, Degree, Faculty, Major, Honor, AnnouncerID) VALUES (84, 'Master', 'Engineer, mining', 'reinvent leading-edge convergence', 'Cum Laude', 97);
INSERT INTO Certificate (CertificateID, Degree, Faculty, Major, Honor, AnnouncerID) VALUES (85, 'Master', 'Data processing manager', 'cultivate cutting-edge platforms', 'Summa Cum Laude', 68);
INSERT INTO Certificate (CertificateID, Degree, Faculty, Major, Honor, AnnouncerID) VALUES (86, 'PhD', 'Surveyor, commercial/residential', 'facilitate ubiquitous models', 'Magna Cum Laude', 82);
INSERT INTO Certificate (CertificateID, Degree, Faculty, Major, Honor, AnnouncerID) VALUES (87, 'Master', 'Accountant, chartered certified', 'morph out-of-the-box channels', 'Summa Cum Laude', 100);
INSERT INTO Certificate (CertificateID, Degree, Faculty, Major, Honor, AnnouncerID) VALUES (88, 'PhD', 'Sales executive', 'monetize turn-key architectures', 'Cum Laude', 53);
INSERT INTO Certificate (CertificateID, Degree, Faculty, Major, Honor, AnnouncerID) VALUES (89, 'Bachelor', 'Research scientist (maths)', 'evolve magnetic supply-chains', '', 30);
INSERT INTO Certificate (CertificateID, Degree, Faculty, Major, Honor, AnnouncerID) VALUES (90, 'Bachelor', 'Tour manager', 'visualize seamless info-mediaries', 'Cum Laude', 65);
INSERT INTO Certificate (CertificateID, Degree, Faculty, Major, Honor, AnnouncerID) VALUES (91, 'PhD', 'Designer, ceramics/pottery', 'expedite proactive bandwidth', 'Magna Cum Laude', 44);
INSERT INTO Certificate (CertificateID, Degree, Faculty, Major, Honor, AnnouncerID) VALUES (92, 'Bachelor', 'Pensions consultant', 'seize holistic models', 'Cum Laude', 76);
INSERT INTO Certificate (CertificateID, Degree, Faculty, Major, Honor, AnnouncerID) VALUES (93, 'PhD', 'Product/process development scientist', 'mesh 24/365 channels', '', 22);
INSERT INTO Certificate (CertificateID, Degree, Faculty, Major, Honor, AnnouncerID) VALUES (94, 'PhD', 'Magazine features editor', 'empower impactful applications', 'Cum Laude', 83);
INSERT INTO Certificate (CertificateID, Degree, Faculty, Major, Honor, AnnouncerID) VALUES (95, 'PhD', 'Trading standards officer', 'mesh holistic channels', 'Magna Cum Laude', 60);
INSERT INTO Certificate (CertificateID, Degree, Faculty, Major, Honor, AnnouncerID) VALUES (96, 'Bachelor', 'Administrator, education', 'revolutionize one-to-one interfaces', 'Cum Laude', 60);
INSERT INTO Certificate (CertificateID, Degree, Faculty, Major, Honor, AnnouncerID) VALUES (97, 'Bachelor', 'Minerals surveyor', 'cultivate viral ROI', 'Magna Cum Laude', 20);
INSERT INTO Certificate (CertificateID, Degree, Faculty, Major, Honor, AnnouncerID) VALUES (98, 'Master', 'Field trials officer', 'reinvent magnetic ROI', 'Cum Laude', 41);
INSERT INTO Certificate (CertificateID, Degree, Faculty, Major, Honor, AnnouncerID) VALUES (99, 'Bachelor', 'Physiological scientist', 'expedite world-class initiatives', 'Summa Cum Laude', 81);
INSERT INTO Certificate (CertificateID, Degree, Faculty, Major, Honor, AnnouncerID) VALUES (100, 'PhD', 'Art therapist', 'drive synergistic channels', '', 67);

INSERT INTO Student (StudentID, OrderOfReceive, CertificateOrder, Firstname, Surname, NamePronunciation, CertificateID, Notes) VALUES (1, 33, 6, 'Danielle', 'Wright', 'economy', 49, 'Behavior especially one type they baby society station. Fear economic attorney option will. Always prepare magazine focus trip style executive.
Commercial nor interest image.');
INSERT INTO Student (StudentID, OrderOfReceive, CertificateOrder, Firstname, Surname, NamePronunciation, CertificateID, Notes) VALUES (2, 37, 75, 'Christian', 'Castro', 'rich', 49, 'Begin throughout thank left. Couple huge group space. News wait necessary total risk stock board successful.');
INSERT INTO Student (StudentID, OrderOfReceive, CertificateOrder, Firstname, Surname, NamePronunciation, CertificateID, Notes) VALUES (3, 72, 84, 'Sherri', 'Johnson', 'nation', 43, 'For her lawyer east most vote. Than professional president point only size. Name who mouth develop of.
Guess stuff cover meeting put table total. Foreign end wrong painting.');
INSERT INTO Student (StudentID, OrderOfReceive, CertificateOrder, Firstname, Surname, NamePronunciation, CertificateID, Notes) VALUES (4, 21, 95, 'Daniel', 'Dodson', 'discussion', 2, 'Road real near race often. Discuss hard service they risk.
Middle begin arrive provide discover month foreign. Unit miss hot bed. Action experience hundred edge adult.');
INSERT INTO Student (StudentID, OrderOfReceive, CertificateOrder, Firstname, Surname, NamePronunciation, CertificateID, Notes) VALUES (5, 27, 27, 'David', 'Murphy', 'couple', 1, 'Story hotel himself development law. Deep imagine account dinner.
Tell early beyond cold compare material product.');
INSERT INTO Student (StudentID, OrderOfReceive, CertificateOrder, Firstname, Surname, NamePronunciation, CertificateID, Notes) VALUES (6, 58, 10, 'Crystal', 'Flores', 'hair', 48, 'Build state compare account need. Nice ok whole management artist race.
Practice about late structure. Skin where discussion billion deal interest. Dark up stage word soldier new baby.');
INSERT INTO Student (StudentID, OrderOfReceive, CertificateOrder, Firstname, Surname, NamePronunciation, CertificateID, Notes) VALUES (7, 71, 92, 'Valerie', 'Nichols', 'camera', 87, 'Carry conference writer hold assume common. Allow decision body leader other off community present. Front it floor pay west direction.
Letter act decision source friend collection compare reality.');
INSERT INTO Student (StudentID, OrderOfReceive, CertificateOrder, Firstname, Surname, NamePronunciation, CertificateID, Notes) VALUES (8, 53, 82, 'Keith', 'Collins', 'else', 87, 'Cause low situation tonight service different edge. Simple campaign miss probably.
Car civil reason. Increase career play pick. Push turn student idea already.');
INSERT INTO Student (StudentID, OrderOfReceive, CertificateOrder, Firstname, Surname, NamePronunciation, CertificateID, Notes) VALUES (9, 92, 65, 'William', 'Rocha', 'second', 66, 'Specific agency trip stop strong quickly space both. Real style final stage simply bad beat. Forget want human.
Space defense need rather under market.');
INSERT INTO Student (StudentID, OrderOfReceive, CertificateOrder, Firstname, Surname, NamePronunciation, CertificateID, Notes) VALUES (10, 73, 91, 'Janet', 'James', 'fear', 73, 'Right film trade foreign. Company morning I very security laugh enjoy.
Nature check myself maybe entire respond. Fill never general while safe read. Avoid run fear reflect fact pressure be.');
INSERT INTO Student (StudentID, OrderOfReceive, CertificateOrder, Firstname, Surname, NamePronunciation, CertificateID, Notes) VALUES (11, 60, 71, 'Colleen', 'Perry', 'same', 93, 'Respond network special north idea. Image hand traditional. Machine price customer account thousand.');
INSERT INTO Student (StudentID, OrderOfReceive, CertificateOrder, Firstname, Surname, NamePronunciation, CertificateID, Notes) VALUES (12, 7, 81, 'Alejandro', 'Johnston', 'result', 14, 'Scientist though friend sister face public. Role discuss picture. Outside situation sell toward.
Professor foreign employee drop. Professor change any play change.');
INSERT INTO Student (StudentID, OrderOfReceive, CertificateOrder, Firstname, Surname, NamePronunciation, CertificateID, Notes) VALUES (13, 25, 19, 'Kenneth', 'Francis', 'fight', 78, 'Goal agent president middle black. Particularly fund ability policy human.
Live reality would. Indicate our director everyone push fill expect sell.');
INSERT INTO Student (StudentID, OrderOfReceive, CertificateOrder, Firstname, Surname, NamePronunciation, CertificateID, Notes) VALUES (14, 74, 29, 'Steven', 'Garrison', 'suggest', 74, 'Show body kind. Heavy mean suggest wonder show significant address.
Southern type between audience prepare decide forward. Spring discuss coach send daughter tree piece third.');
INSERT INTO Student (StudentID, OrderOfReceive, CertificateOrder, Firstname, Surname, NamePronunciation, CertificateID, Notes) VALUES (15, 15, 90, 'Kathy', 'Krause', 'government', 37, 'Some three here both among phone weight. Position control visit economic put large.
Oil shoulder assume modern. Line girl interview walk. Attack paper class trip him student everybody.');
INSERT INTO Student (StudentID, OrderOfReceive, CertificateOrder, Firstname, Surname, NamePronunciation, CertificateID, Notes) VALUES (16, 47, 70, 'Stacy', 'Sloan', 'allow', 41, 'Water owner my law. Such should kitchen walk believe spend exactly heart. Economy step toward officer out way explain.');
INSERT INTO Student (StudentID, OrderOfReceive, CertificateOrder, Firstname, Surname, NamePronunciation, CertificateID, Notes) VALUES (17, 33, 71, 'Rebecca', 'Bailey', 'have', 24, 'Yard vote type themselves. Report focus individual everything. Decision ten fly opportunity wear have.');
INSERT INTO Student (StudentID, OrderOfReceive, CertificateOrder, Firstname, Surname, NamePronunciation, CertificateID, Notes) VALUES (18, 47, 66, 'Leslie', 'Anderson', 'red', 89, 'Commercial voice state water scientist. Economy month trial. Popular American design car southern.
Nor animal anything project. Audience rock even full suddenly back. Age might hour painting should.');
INSERT INTO Student (StudentID, OrderOfReceive, CertificateOrder, Firstname, Surname, NamePronunciation, CertificateID, Notes) VALUES (19, 34, 91, 'William', 'Rivera', 'left', 77, 'Protect change notice fill.
Little well cost door. Point to usually project news up. Throughout without improve four medical discover read behind.
Soon summer plan beyond. Street feeling standard.');
INSERT INTO Student (StudentID, OrderOfReceive, CertificateOrder, Firstname, Surname, NamePronunciation, CertificateID, Notes) VALUES (20, 77, 3, 'Linda', 'Owens', 'bad', 9, 'Ten your happy seem. Federal data under arm program final anyone upon. Tend past at program.
Explain half sell. Against lot through billion performance.');
INSERT INTO Student (StudentID, OrderOfReceive, CertificateOrder, Firstname, Surname, NamePronunciation, CertificateID, Notes) VALUES (21, 13, 71, 'Robert', 'Rhodes', 'home', 77, 'Life month several learn not. Democrat respond matter there hit itself. Attention boy owner. Life full individual.');
INSERT INTO Student (StudentID, OrderOfReceive, CertificateOrder, Firstname, Surname, NamePronunciation, CertificateID, Notes) VALUES (22, 6, 48, 'Jessica', 'Wong', 'investment', 90, 'Size bring spring way. Particular step factor direction.
Water last choose owner under situation. Rock blue mission note. Report offer purpose throw beat authority water stay.');
INSERT INTO Student (StudentID, OrderOfReceive, CertificateOrder, Firstname, Surname, NamePronunciation, CertificateID, Notes) VALUES (23, 21, 17, 'Jennifer', 'Webster', 'main', 38, 'Window long huge international pull. Direction know answer. Thank may relate soldier.
Follow address relate yet sign church ready. Really line manager teach.');
INSERT INTO Student (StudentID, OrderOfReceive, CertificateOrder, Firstname, Surname, NamePronunciation, CertificateID, Notes) VALUES (24, 1, 42, 'Gabriela', 'Reese', 'them', 67, 'Describe process training walk party single. Discuss assume window product.
Result fine red program. When happy site machine fire seat.');
INSERT INTO Student (StudentID, OrderOfReceive, CertificateOrder, Firstname, Surname, NamePronunciation, CertificateID, Notes) VALUES (25, 16, 77, 'Julia', 'Lynn', 'to', 83, 'Usually official face allow second. You child poor loss travel.
Whom beyond get phone environment. Ever half discussion study enjoy whom.');
INSERT INTO Student (StudentID, OrderOfReceive, CertificateOrder, Firstname, Surname, NamePronunciation, CertificateID, Notes) VALUES (26, 33, 94, 'Jose', 'Wilson', 'two', 4, 'Someone social place color. Do social current. Bad speech behind manager international low.
Key suffer police pattern whatever. Finally bar firm teach.');
INSERT INTO Student (StudentID, OrderOfReceive, CertificateOrder, Firstname, Surname, NamePronunciation, CertificateID, Notes) VALUES (27, 5, 14, 'Matthew', 'Ewing', 'friend', 81, 'Eat gas along raise by everybody break career. Level let live cover join international.
Weight rise less concern account carry like. Family field visit window.');
INSERT INTO Student (StudentID, OrderOfReceive, CertificateOrder, Firstname, Surname, NamePronunciation, CertificateID, Notes) VALUES (28, 5, 82, 'Timothy', 'Nelson', 'federal', 51, 'Tax around wife management. Star impact not challenge third. National important statement above trouble we.
Animal always record general. Above wife western new air among raise.');
INSERT INTO Student (StudentID, OrderOfReceive, CertificateOrder, Firstname, Surname, NamePronunciation, CertificateID, Notes) VALUES (29, 58, 40, 'Jean', 'Romero', 'tax', 3, 'A government media chance guess system necessary. Card energy again large anything. Design case enjoy improve heart.');
INSERT INTO Student (StudentID, OrderOfReceive, CertificateOrder, Firstname, Surname, NamePronunciation, CertificateID, Notes) VALUES (30, 42, 39, 'Robert', 'Gomez', 'society', 29, 'Politics theory its quality capital range identify. Current story blood research serious because. Team sing expect full to.');
INSERT INTO Student (StudentID, OrderOfReceive, CertificateOrder, Firstname, Surname, NamePronunciation, CertificateID, Notes) VALUES (31, 7, 2, 'Christopher', 'Goodman', 'write', 63, 'Thought history memory within under various left public. Experience bank light magazine respond stage.
Put far keep line item ten. My better pass agree trip hear grow drug.');
INSERT INTO Student (StudentID, OrderOfReceive, CertificateOrder, Firstname, Surname, NamePronunciation, CertificateID, Notes) VALUES (32, 64, 11, 'Kenneth', 'Obrien', 'receive', 42, 'Sense term artist smile. Allow under might say for. Share in else blood give affect institution. Machine personal analysis white half majority explain hundred.');
INSERT INTO Student (StudentID, OrderOfReceive, CertificateOrder, Firstname, Surname, NamePronunciation, CertificateID, Notes) VALUES (33, 18, 59, 'Barbara', 'Howell', 'her', 72, 'Mind travel represent PM enter south. Month maintain well.
From voice system suggest. Have miss theory school go.');
INSERT INTO Student (StudentID, OrderOfReceive, CertificateOrder, Firstname, Surname, NamePronunciation, CertificateID, Notes) VALUES (34, 4, 97, 'Ashlee', 'Vega', 'party', 65, 'Also choice change study plant. Authority conference sometimes cause girl economy. Prove book realize life until industry.');
INSERT INTO Student (StudentID, OrderOfReceive, CertificateOrder, Firstname, Surname, NamePronunciation, CertificateID, Notes) VALUES (35, 47, 71, 'Timothy', 'Gardner', 'people', 96, 'Environment yet suddenly toward night study beautiful. His religious entire such production successful. Produce assume interesting agent yeah.');
INSERT INTO Student (StudentID, OrderOfReceive, CertificateOrder, Firstname, Surname, NamePronunciation, CertificateID, Notes) VALUES (36, 81, 10, 'Sabrina', 'Wells', 'firm', 12, 'Successful serve kid business attorney. Rock should out view moment firm trouble.');
INSERT INTO Student (StudentID, OrderOfReceive, CertificateOrder, Firstname, Surname, NamePronunciation, CertificateID, Notes) VALUES (37, 12, 100, 'Nancy', 'Miles', 'fall', 76, 'Enjoy the but seat.
Physical community mouth sure see along piece without. Relate choice behavior.
From out film. Government study painting trouble. Security model mission. Idea ever now ago beat.');
INSERT INTO Student (StudentID, OrderOfReceive, CertificateOrder, Firstname, Surname, NamePronunciation, CertificateID, Notes) VALUES (38, 41, 84, 'Mary', 'Johnson', 'everybody', 49, 'Especially sort environment may room. Determine lawyer finally edge return how dog. Situation represent character time.');
INSERT INTO Student (StudentID, OrderOfReceive, CertificateOrder, Firstname, Surname, NamePronunciation, CertificateID, Notes) VALUES (39, 61, 69, 'Robert', 'Munoz', 'mind', 98, 'Weight parent successful off know. Administration mother trip five soon pattern. Computer hospital attack hundred mean.');
INSERT INTO Student (StudentID, OrderOfReceive, CertificateOrder, Firstname, Surname, NamePronunciation, CertificateID, Notes) VALUES (40, 16, 40, 'Theresa', 'Hunt', 'there', 35, 'Decide order these success fall build former from. Create help south difficult.
Subject beyond someone increase together worker police daughter.
Explain most into prevent. Try bank push executive.');
INSERT INTO Student (StudentID, OrderOfReceive, CertificateOrder, Firstname, Surname, NamePronunciation, CertificateID, Notes) VALUES (41, 20, 18, 'Jonathon', 'Rhodes', 'president', 95, 'Near forget arm bad. Despite fish recent important stuff service.
Decide election kitchen.
Also plan tax purpose recognize station seem. Whatever example west science attention.');
INSERT INTO Student (StudentID, OrderOfReceive, CertificateOrder, Firstname, Surname, NamePronunciation, CertificateID, Notes) VALUES (42, 57, 67, 'Dale', 'Frederick', 'since', 35, 'Among performance bed because. Production often leader yard sense easy present.
Send social learn yard. Quickly hotel find war bad book.');
INSERT INTO Student (StudentID, OrderOfReceive, CertificateOrder, Firstname, Surname, NamePronunciation, CertificateID, Notes) VALUES (43, 6, 47, 'Kevin', 'Williams', 'local', 77, 'Fear cost investment pass break. Author wall look participant.
Night while yeah. Rule data develop just trouble time.');
INSERT INTO Student (StudentID, OrderOfReceive, CertificateOrder, Firstname, Surname, NamePronunciation, CertificateID, Notes) VALUES (44, 36, 88, 'Michael', 'Bates', 'agree', 1, 'Hear rock ever military including. Option center senior stay.
Which learn of model cup if consider. Develop hope now energy.
Animal teacher certain tend.');
INSERT INTO Student (StudentID, OrderOfReceive, CertificateOrder, Firstname, Surname, NamePronunciation, CertificateID, Notes) VALUES (45, 63, 4, 'Steven', 'Nguyen', 'simple', 50, 'Policy necessary quite office worry. Main reveal fight.
Prepare ahead lay trial. War article amount property. Need worry must easy eye foot performance.');
INSERT INTO Student (StudentID, OrderOfReceive, CertificateOrder, Firstname, Surname, NamePronunciation, CertificateID, Notes) VALUES (46, 60, 52, 'Marcus', 'White', 'case', 12, 'Interest seem relationship nation. Month couple affect section. Move anything shoulder arrive news direction purpose.
Home only by. Bring capital measure agent. Time happy can realize focus.');
INSERT INTO Student (StudentID, OrderOfReceive, CertificateOrder, Firstname, Surname, NamePronunciation, CertificateID, Notes) VALUES (47, 10, 14, 'John', 'Alvarado', 'nearly', 31, 'Street analysis much end lose. Picture draw boy trial. Enter produce imagine.
Past blue accept pass pay see improve. Debate indeed marriage ball. On environment agency her water major second.');
INSERT INTO Student (StudentID, OrderOfReceive, CertificateOrder, Firstname, Surname, NamePronunciation, CertificateID, Notes) VALUES (48, 60, 3, 'Patty', 'Mccarthy', 'support', 22, 'News drug yet prove high senior national. Inside participant wrong save model person. Decide boy difficult father be contain.
Me see fear level what daughter. Cut away well recent likely.');
INSERT INTO Student (StudentID, OrderOfReceive, CertificateOrder, Firstname, Surname, NamePronunciation, CertificateID, Notes) VALUES (49, 14, 96, 'Jasmine', 'Franklin', 'customer', 90, 'I factor both table money realize. Artist save choose situation just.
Toward political father weight gas daughter. Against fly provide special. When available perhaps modern smile realize.');
INSERT INTO Student (StudentID, OrderOfReceive, CertificateOrder, Firstname, Surname, NamePronunciation, CertificateID, Notes) VALUES (50, 11, 91, 'Edgar', 'English', 'imagine', 74, 'Agent sure executive leg whole blue. Month describe health military discuss. Treat develop any discover cell find.
Evening keep report notice prepare.');
INSERT INTO Student (StudentID, OrderOfReceive, CertificateOrder, Firstname, Surname, NamePronunciation, CertificateID, Notes) VALUES (51, 96, 39, 'Virginia', 'Park', 'treat', 22, 'Last president guy carry describe. Else bed notice section when. During money national three mind how government.
New these half memory respond measure. Organization activity series despite name.');
INSERT INTO Student (StudentID, OrderOfReceive, CertificateOrder, Firstname, Surname, NamePronunciation, CertificateID, Notes) VALUES (52, 67, 26, 'Jordan', 'Oneill', 'that', 39, 'Research adult by property free. Focus example answer sing person get fly. Think campaign he particularly role clearly many.');
INSERT INTO Student (StudentID, OrderOfReceive, CertificateOrder, Firstname, Surname, NamePronunciation, CertificateID, Notes) VALUES (53, 64, 74, 'Christian', 'Preston', 'while', 36, 'Goal grow section what leader. Also take election sell kid source among.
Item home talk appear financial often audience production. Medical skill minute suddenly maybe modern. Which strong guy.');
INSERT INTO Student (StudentID, OrderOfReceive, CertificateOrder, Firstname, Surname, NamePronunciation, CertificateID, Notes) VALUES (54, 99, 56, 'Emily', 'Young', 'build', 91, 'Rule skill or. Thought along sister open lead visit result magazine.
Those message skill those direction follow. Return leg civil candidate. No blood though despite record our fish.');
INSERT INTO Student (StudentID, OrderOfReceive, CertificateOrder, Firstname, Surname, NamePronunciation, CertificateID, Notes) VALUES (55, 70, 46, 'Benjamin', 'Hutchinson', 'one', 91, 'Lawyer each play hot pattern approach. Address yeah great source north. Wall explain generation.
Drug choice weight think western. Fine this own find begin.');
INSERT INTO Student (StudentID, OrderOfReceive, CertificateOrder, Firstname, Surname, NamePronunciation, CertificateID, Notes) VALUES (56, 7, 57, 'Michael', 'Johnson', 'decade', 39, 'Or simple process prepare pattern listen when. Huge outside summer sell last. Magazine star wind recent develop arrive.');
INSERT INTO Student (StudentID, OrderOfReceive, CertificateOrder, Firstname, Surname, NamePronunciation, CertificateID, Notes) VALUES (57, 35, 94, 'Nathan', 'Flowers', 'edge', 58, 'Hair choose reduce first least. Expect leader to gas.
Dream learn rock. Suffer somebody outside about he ten exist control. Growth throw method go.');
INSERT INTO Student (StudentID, OrderOfReceive, CertificateOrder, Firstname, Surname, NamePronunciation, CertificateID, Notes) VALUES (58, 22, 14, 'Jessica', 'Pacheco', 'machine', 48, 'Blood remain society several throw standard decision. Beat others add help individual manage. Whether degree remain speech.');
INSERT INTO Student (StudentID, OrderOfReceive, CertificateOrder, Firstname, Surname, NamePronunciation, CertificateID, Notes) VALUES (59, 45, 7, 'Sandra', 'Fletcher', 'herself', 99, 'Plan Congress even trade security. Condition kid apply win send.
Whatever security effort degree fill them. Finish go kid front feel.');
INSERT INTO Student (StudentID, OrderOfReceive, CertificateOrder, Firstname, Surname, NamePronunciation, CertificateID, Notes) VALUES (60, 67, 69, 'Kristi', 'Jones', 'station', 40, 'Seek provide gun each check allow travel. Tv hotel meeting create.
Join answer response his try body fast. Child audience give generation plant.');
INSERT INTO Student (StudentID, OrderOfReceive, CertificateOrder, Firstname, Surname, NamePronunciation, CertificateID, Notes) VALUES (61, 15, 53, 'Alejandro', 'Gonzalez', 'action', 48, 'Deal true feeling candidate east. Work eye Mrs system despite lay accept. Be friend keep man Democrat must lose together.
In collection want power because.');
INSERT INTO Student (StudentID, OrderOfReceive, CertificateOrder, Firstname, Surname, NamePronunciation, CertificateID, Notes) VALUES (62, 95, 78, 'Michelle', 'Martin', 'realize', 89, 'Than attention item wife mention. Within view almost teacher doctor raise adult.');
INSERT INTO Student (StudentID, OrderOfReceive, CertificateOrder, Firstname, Surname, NamePronunciation, CertificateID, Notes) VALUES (63, 45, 42, 'Heather', 'Yang', 'hard', 48, 'Allow camera during war. Computer system decide meeting. Customer professional without want.
Draw data seven which. Green though wide. Money hit just.');
INSERT INTO Student (StudentID, OrderOfReceive, CertificateOrder, Firstname, Surname, NamePronunciation, CertificateID, Notes) VALUES (64, 33, 11, 'Rebecca', 'Hansen', 'answer', 70, 'Bring attorney Democrat leave fund data. Mission number north partner cause page leg. Dinner management fish together per. Employee own audience doctor daughter maintain he.');
INSERT INTO Student (StudentID, OrderOfReceive, CertificateOrder, Firstname, Surname, NamePronunciation, CertificateID, Notes) VALUES (65, 27, 67, 'Jill', 'Richardson', 'everybody', 23, 'Trial owner eight activity wrong. Against pass against experience smile car.
Less appear animal attention spend arm religious. Audience involve skill later ability identify risk reach.');
INSERT INTO Student (StudentID, OrderOfReceive, CertificateOrder, Firstname, Surname, NamePronunciation, CertificateID, Notes) VALUES (66, 21, 39, 'Rhonda', 'Riddle', 'conference', 35, 'Course know effect piece view. Every feeling still lead.
Nothing plan hear growth open scene. Lead news successful especially against individual which.');
INSERT INTO Student (StudentID, OrderOfReceive, CertificateOrder, Firstname, Surname, NamePronunciation, CertificateID, Notes) VALUES (67, 42, 11, 'Alec', 'Rojas', 'federal', 14, 'Senior administration each drop great. Statement any so movie phone may current rate. So walk his my.
Scene power more third cost or.
Protect director team example.');
INSERT INTO Student (StudentID, OrderOfReceive, CertificateOrder, Firstname, Surname, NamePronunciation, CertificateID, Notes) VALUES (68, 44, 18, 'Morgan', 'Norman', 'attention', 51, 'Growth adult spend south concern hit. Off time energy production list. Use summer key quite building. Actually quite thousand society recent.');
INSERT INTO Student (StudentID, OrderOfReceive, CertificateOrder, Firstname, Surname, NamePronunciation, CertificateID, Notes) VALUES (69, 8, 43, 'Gabriella', 'Parker', 'down', 16, 'Step daughter detail.
Law where really. Guy deep goal fill. Unit spend pick expect produce.
Cold approach source expect despite chair let.
Forward work house reach tough interesting else.');
INSERT INTO Student (StudentID, OrderOfReceive, CertificateOrder, Firstname, Surname, NamePronunciation, CertificateID, Notes) VALUES (70, 31, 9, 'Ricardo', 'Morrow', 'cut', 15, 'Send responsibility American little. Garden card rather note assume character.
Seem speak fish when treat. Fact air president mean bring health.');
INSERT INTO Student (StudentID, OrderOfReceive, CertificateOrder, Firstname, Surname, NamePronunciation, CertificateID, Notes) VALUES (71, 42, 4, 'Edward', 'Rhodes', 'per', 67, 'System under hospital stage entire sometimes. Safe market quickly leader. Some piece building general.');
INSERT INTO Student (StudentID, OrderOfReceive, CertificateOrder, Firstname, Surname, NamePronunciation, CertificateID, Notes) VALUES (72, 78, 75, 'Emily', 'Alvarado', 'difficult', 10, 'Head five image enough matter bar. Sign notice natural such sit door. Kind miss director ten lose. Yet maybe heavy consider hour together son hit.');
INSERT INTO Student (StudentID, OrderOfReceive, CertificateOrder, Firstname, Surname, NamePronunciation, CertificateID, Notes) VALUES (73, 72, 47, 'Tonya', 'Becker', 'ball', 67, 'Politics per person successful suggest. New writer answer but figure.
Seven catch exactly couple. Behavior field tell mean worry common. Cause would almost.');
INSERT INTO Student (StudentID, OrderOfReceive, CertificateOrder, Firstname, Surname, NamePronunciation, CertificateID, Notes) VALUES (74, 61, 28, 'Victoria', 'Bird', 'style', 96, 'Cultural allow develop should arrive. That dog much people be think eat major.
Church not business good challenge third why. Out thank none very. Contain throw anyone.');
INSERT INTO Student (StudentID, OrderOfReceive, CertificateOrder, Firstname, Surname, NamePronunciation, CertificateID, Notes) VALUES (75, 49, 84, 'Krista', 'Davidson', 'last', 56, 'Plan grow Congress people church again.
Person wall chair interview. Range moment their never laugh.');
INSERT INTO Student (StudentID, OrderOfReceive, CertificateOrder, Firstname, Surname, NamePronunciation, CertificateID, Notes) VALUES (76, 55, 92, 'Eric', 'White', 'must', 92, 'Maintain report better statement energy interview scientist. Continue vote international heavy anyone thing father area. Perhaps high certainly writer pick. Most yard other range improve.');
INSERT INTO Student (StudentID, OrderOfReceive, CertificateOrder, Firstname, Surname, NamePronunciation, CertificateID, Notes) VALUES (77, 43, 44, 'Keith', 'Obrien', 'appear', 16, 'News home owner chance evening beat guess. Late treat factor poor. And public impact account know.');
INSERT INTO Student (StudentID, OrderOfReceive, CertificateOrder, Firstname, Surname, NamePronunciation, CertificateID, Notes) VALUES (78, 26, 44, 'Thomas', 'Rangel', 'trial', 4, 'Around front line forward. Here option interview specific. Growth education fire cause a.
Trial direction feeling. Often few him leave each. Loss per me.');
INSERT INTO Student (StudentID, OrderOfReceive, CertificateOrder, Firstname, Surname, NamePronunciation, CertificateID, Notes) VALUES (79, 83, 33, 'Luis', 'Patterson', 'result', 15, 'Three people include hear leave. Admit mission certain major woman have stage. Beyond space land arrive age skin couple.
Change develop cut. Take beautiful agree.');
INSERT INTO Student (StudentID, OrderOfReceive, CertificateOrder, Firstname, Surname, NamePronunciation, CertificateID, Notes) VALUES (80, 51, 47, 'Michelle', 'Frank', 'charge', 62, 'One point man will forward prove. News child happen by.
Current fight officer member those vote successful. Ahead part various loss. When already computer trouble or structure politics.');
INSERT INTO Student (StudentID, OrderOfReceive, CertificateOrder, Firstname, Surname, NamePronunciation, CertificateID, Notes) VALUES (81, 89, 30, 'Sherri', 'Campbell', 'item', 70, 'Add local event few group as. Friend before wear hold say answer finish. Environment player new cultural control.');
INSERT INTO Student (StudentID, OrderOfReceive, CertificateOrder, Firstname, Surname, NamePronunciation, CertificateID, Notes) VALUES (82, 33, 78, 'Caroline', 'Collins', 'deal', 43, 'Record human collection show trial significant much parent. Wonder late crime technology general. Perhaps kitchen public series ability small trip.');
INSERT INTO Student (StudentID, OrderOfReceive, CertificateOrder, Firstname, Surname, NamePronunciation, CertificateID, Notes) VALUES (83, 11, 41, 'James', 'Brady', 'worker', 91, 'Finish continue still decide order treatment. Customer catch film. Clearly current effect win size sing establish wide.');
INSERT INTO Student (StudentID, OrderOfReceive, CertificateOrder, Firstname, Surname, NamePronunciation, CertificateID, Notes) VALUES (84, 8, 94, 'Carol', 'Wilson', 'through', 17, 'Sort use hundred available personal. Write work throw.');
INSERT INTO Student (StudentID, OrderOfReceive, CertificateOrder, Firstname, Surname, NamePronunciation, CertificateID, Notes) VALUES (85, 10, 82, 'Roger', 'Huffman', 'perform', 82, 'Score consider claim among seat pattern your allow. Production dream explain. Land phone church article peace. Stand information federal everyone but write civil.');
INSERT INTO Student (StudentID, OrderOfReceive, CertificateOrder, Firstname, Surname, NamePronunciation, CertificateID, Notes) VALUES (86, 42, 43, 'Maria', 'Pope', 'scene', 17, 'Leg until quite others sometimes successful party administration. Similar southern reality daughter.
Former relationship safe during. It some thing enter. Can simple college song.');
INSERT INTO Student (StudentID, OrderOfReceive, CertificateOrder, Firstname, Surname, NamePronunciation, CertificateID, Notes) VALUES (87, 27, 55, 'Ronald', 'Baker', 'ask', 50, 'These strong doctor western trip can do.
Night morning outside against.');
INSERT INTO Student (StudentID, OrderOfReceive, CertificateOrder, Firstname, Surname, NamePronunciation, CertificateID, Notes) VALUES (88, 20, 88, 'Elizabeth', 'Lopez', 'foot', 74, 'Save commercial property writer eye tree. Throughout quickly research paper make. Standard fight far president.');
INSERT INTO Student (StudentID, OrderOfReceive, CertificateOrder, Firstname, Surname, NamePronunciation, CertificateID, Notes) VALUES (89, 37, 47, 'Jonathan', 'Turner', 'happen', 64, 'Article defense southern couple language history already. Affect relate home indicate.
Drive and report skin sure thought. Boy want hot different teacher though.');
INSERT INTO Student (StudentID, OrderOfReceive, CertificateOrder, Firstname, Surname, NamePronunciation, CertificateID, Notes) VALUES (90, 21, 52, 'Derrick', 'Bishop', 'next', 38, 'Program site spring forget forward window lose. Current sing suddenly upon night when control. Character early score.');
INSERT INTO Student (StudentID, OrderOfReceive, CertificateOrder, Firstname, Surname, NamePronunciation, CertificateID, Notes) VALUES (91, 37, 50, 'Kenneth', 'Harris', 'talk', 54, 'Series available range big determine herself society. Chance life development common. Indeed item improve in allow.
Yeah theory individual to lot another. Seek song station.');
INSERT INTO Student (StudentID, OrderOfReceive, CertificateOrder, Firstname, Surname, NamePronunciation, CertificateID, Notes) VALUES (92, 31, 10, 'Richard', 'Potts', 'story', 44, 'Area scene affect at religious her I. Control summer throughout keep seat. Beat tonight hope tell time own chair.');
INSERT INTO Student (StudentID, OrderOfReceive, CertificateOrder, Firstname, Surname, NamePronunciation, CertificateID, Notes) VALUES (93, 81, 46, 'Antonio', 'Armstrong', 'what', 96, 'Economy what itself body star answer hotel space. Right claim manager program.
Personal leave consumer exist coach decide. Face than government back themselves. Rise word crime health.');
INSERT INTO Student (StudentID, OrderOfReceive, CertificateOrder, Firstname, Surname, NamePronunciation, CertificateID, Notes) VALUES (94, 81, 2, 'Jonathan', 'Peters', 'year', 85, 'Toward son employee. Wall leader police major.
Discuss note national use. He mission team serve may. Language sure along month use those.');
INSERT INTO Student (StudentID, OrderOfReceive, CertificateOrder, Firstname, Surname, NamePronunciation, CertificateID, Notes) VALUES (95, 49, 27, 'Lauren', 'Clark', 'reach', 39, 'Lay present week mother laugh church. Open require art will happen skin turn. Seem whole piece together production.');
INSERT INTO Student (StudentID, OrderOfReceive, CertificateOrder, Firstname, Surname, NamePronunciation, CertificateID, Notes) VALUES (96, 78, 23, 'Megan', 'Walsh', 'serve', 35, 'Marriage production station message mouth. They two book really.
Reflect end there institution radio heart. Politics dream maintain film imagine now.');
INSERT INTO Student (StudentID, OrderOfReceive, CertificateOrder, Firstname, Surname, NamePronunciation, CertificateID, Notes) VALUES (97, 47, 50, 'Laura', 'Decker', 'relate', 4, 'Rock full score not particularly. New cup city agent sea notice several along. Strong worry thought which late responsibility store.
Wonder raise second town. Lose society bit article crime.');
INSERT INTO Student (StudentID, OrderOfReceive, CertificateOrder, Firstname, Surname, NamePronunciation, CertificateID, Notes) VALUES (98, 28, 11, 'Jose', 'Miller', 'let', 57, 'Military simple soldier my. As fish through loss kind young think knowledge. Sell light first before six animal.
Across outside quickly news. We police nice. Technology before provide attention home.');
INSERT INTO Student (StudentID, OrderOfReceive, CertificateOrder, Firstname, Surname, NamePronunciation, CertificateID, Notes) VALUES (99, 43, 69, 'Christopher', 'Johnson', 'just', 50, 'Full minute site heavy face attack. Cause left energy fight area wait land. Image discover defense direction.');
INSERT INTO Student (StudentID, OrderOfReceive, CertificateOrder, Firstname, Surname, NamePronunciation, CertificateID, Notes) VALUES (100, 71, 91, 'Andrew', 'Huerta', 'student', 91, 'Safe technology major low be. Market may magazine agreement activity space. Boy form idea size cup.
Military drive meeting plan government role my. Meeting book thus break account be left base.');